period_key,rows,firms,ebit,calc_raw_tax_rate_quarterly,calc_nopat_quarterly,calc_ic_raw,calc_average_ic_raw_quarterly,calc_roic_posttax_quarterly_ic_raw,calc_debt_value_quarterly,equity,calc_debt_to_equity_quarterly,market_cap
1961Q1,16,16,1,8,1,0,0,0,0,0,0,0
1961Q2,43,43,2,27,2,0,0,0,0,0,0,0
1961Q3,95,95,5,62,5,0,0,0,0,0,0,0
1961Q4,157,157,24,113,24,0,0,0,0,2,0,0
1962Q1,689,689,143,434,118,0,0,0,0,7,0,0
1962Q2,700,700,186,474,154,0,0,0,0,7,0,0
1962Q3,707,707,168,455,142,0,0,0,0,7,0,0
1962Q4,711,711,392,509,353,0,0,0,0,7,0,0
1963Q1,739,739,171,480,138,0,0,0,0,8,0,0
1963Q2,743,743,208,506,172,0,0,0,0,10,0,0
1963Q3,748,748,192,497,159,0,0,0,0,9,0,0
1963Q4,754,754,435,550,394,0,0,0,0,11,0,0
1964Q1,779,779,190,526,158,0,0,0,0,8,0,0
1964Q2,779,779,229,544,193,0,0,0,0,12,0,0
1964Q3,781,781,217,536,184,0,0,0,0,8,0,0
1964Q4,795,795,471,577,430,0,0,0,0,15,0,0
1965Q1,880,880,238,559,201,0,0,0,0,15,0,0
1965Q2,883,883,274,578,234,0,0,0,0,19,0,0
1965Q3,908,908,255,574,218,0,0,0,0,15,0,0
1965Q4,1064,1064,492,723,449,0,0,0,3,19,0,0
1966Q1,1332,1332,263,834,212,0,0,0,2,47,0,0
1966Q2,1851,1851,318,1349,265,0,0,0,2,53,0,0
1966Q3,1933,1933,302,1336,251,0,0,0,4,47,0,0
1966Q4,1940,1940,585,1436,533,0,0,0,26,55,0,0
1967Q1,1990,1990,280,1286,246,0,0,0,3,83,0,0
1967Q2,2001,2001,361,1444,326,0,0,0,13,91,0,0
1967Q3,2071,2071,347,1389,312,0,0,0,18,82,0,0
1967Q4,2140,2140,743,1639,709,0,0,0,98,98,0,0
1968Q1,2438,2438,324,1546,297,0,0,0,20,84,0,0
1968Q2,2515,2515,539,1805,511,0,0,0,99,93,0,0
1968Q3,2532,2532,500,1738,473,0,0,0,98,90,0,0
1968Q4,2538,2538,1377,2023,1351,2,0,0,421,99,0,0
1969Q1,2606,2606,491,1790,482,0,0,0,120,93,0,0
1969Q2,2612,2612,637,1927,630,0,0,0,343,94,0,0
1969Q3,2627,2627,590,1870,580,0,0,0,305,92,0,0
1969Q4,2635,2635,1590,2222,1578,4,0,0,1406,106,2,0
1970Q1,2685,2685,647,2172,645,0,0,0,272,110,0,0
1970Q2,2697,2697,797,2300,797,0,0,0,404,118,0,0
1970Q3,2700,2700,735,2274,734,1,0,0,376,114,1,0
1970Q4,2709,2709,1695,2422,1679,11,0,0,1827,130,8,0
1971Q1,2762,2762,748,2436,744,4,0,0,1306,125,5,0
1971Q2,2776,2776,877,2499,875,322,2,1,1458,449,325,0
1971Q3,2790,2790,828,2494,824,297,2,1,1637,422,301,0
1971Q4,2798,2798,1774,2540,1762,1410,3,3,2443,1539,1407,0
1972Q1,2852,2852,822,2555,822,235,3,2,2444,362,234,0
1972Q2,2859,2859,953,2582,953,345,3,2,2496,481,348,0
1972Q3,2866,2866,903,2572,903,319,3,2,2474,449,319,0
1972Q4,2862,2862,1848,2597,1845,1477,10,7,2538,1607,1470,0
1973Q1,2906,2906,907,2586,905,251,8,4,2393,380,248,0
1973Q2,2908,2908,1033,2598,1033,372,10,8,2426,509,374,0
1973Q3,2896,2896,966,2578,966,330,15,7,2396,462,328,0
1973Q4,2887,2887,1874,2608,1871,1536,19,10,2574,1669,1531,0
1974Q1,2909,2909,940,2593,940,288,37,18,2540,410,400,0
1974Q2,2903,2903,1059,2591,1056,404,48,24,2578,532,522,0
1974Q3,2907,2907,1023,2575,1015,413,88,39,2588,553,546,0
1974Q4,2903,2903,1970,2625,1959,1702,162,99,2747,1857,1853,0
1975Q1,2932,2932,1419,2647,1419,1318,883,572,2694,1517,1505,0
1975Q2,2933,2933,1606,2649,1605,1473,1153,818,2716,1688,1677,0
1975Q3,2925,2925,1727,2623,1725,1488,1263,944,2715,1698,1683,0
1975Q4,2908,2908,2455,2656,2453,2195,1393,1317,2806,2408,2403,0
1976Q1,2910,2910,2472,2651,2472,2305,2065,1941,2743,2560,2538,0
1976Q2,2901,2901,2512,2652,2512,2348,2271,2164,2783,2598,2583,0
1976Q3,2899,2899,2480,2617,2477,2341,2306,2163,2775,2598,2579,0
1976Q4,2897,2897,2603,2670,2602,2414,2297,2232,2828,2659,2646,0
1977Q1,2988,2988,2812,2930,2812,2611,2320,2214,2875,2888,2868,0
1977Q2,2968,2968,2824,2914,2824,2601,2566,2486,2868,2876,2861,0
1977Q3,2952,2952,2758,2855,2757,2576,2556,2437,2851,2856,2845,0
1977Q4,2920,2920,2814,2857,2811,2595,2511,2459,2850,2857,2848,0
1978Q1,2942,2942,2787,2868,2782,2543,2498,2416,2836,2843,2829,0
1978Q2,2917,2917,2787,2853,2784,2527,2505,2439,2819,2823,2811,0
1978Q3,2905,2905,2744,2811,2742,2519,2494,2400,2813,2818,2807,0
1978Q4,2879,2879,2773,2811,2771,2530,2449,2405,2804,2813,2804,0
1979Q1,2908,2908,2771,2838,2767,2508,2448,2377,2809,2818,2805,0
1979Q2,2891,2891,2773,2829,2769,2501,2473,2414,2799,2804,2795,0
1979Q3,2874,2874,2720,2785,2716,2480,2452,2364,2778,2785,2775,0
1979Q4,2848,2848,2755,2792,2752,2496,2424,2381,2778,2785,2778,0
1980Q1,2872,2872,2714,2788,2711,2445,2407,2323,2743,2749,2737,0
1980Q2,2875,2875,2735,2783,2734,2443,2412,2349,2739,2742,2732,0
1980Q3,2876,2876,2685,2765,2682,2420,2390,2275,2710,2722,2704,0
1980Q4,2906,2906,2806,2837,2804,2462,2356,2322,2742,2753,2741,0
1981Q1,4565,4565,4289,4392,4276,2615,2355,2280,2940,2960,2936,0
1981Q2,5067,5067,4794,4859,4781,2697,2538,2486,3023,3040,3018,0
1981Q3,5682,5682,5294,5379,5285,2808,2609,2521,3147,3158,3140,0
1981Q4,6103,6103,5799,5838,5784,4114,2708,2662,4601,4608,4598,0
1982Q1,6699,6699,6083,6173,6056,4520,3938,3809,5123,5141,5114,0
1982Q2,6787,6787,6248,6323,6228,5001,4408,4304,5635,5655,5626,0
1982Q3,6853,6853,6276,6355,6257,5329,4851,4710,6000,6022,5988,0
1982Q4,6833,6833,6415,6470,6399,5522,5107,5019,6199,6213,6196,0
1983Q1,7097,7097,6524,6617,6496,5462,5188,5052,6148,6172,6142,0
1983Q2,7139,7139,6627,6679,6601,5557,5272,5173,6238,6268,6230,0
1983Q3,7179,7179,6572,6670,6554,5634,5373,5212,6318,6343,6311,0
1983Q4,7115,7115,6670,6720,6654,5849,5415,5343,6538,6547,6534,0
1984Q1,7353,7353,6672,6791,6649,5814,5575,5423,6515,6536,6509,0
1984Q2,7338,7338,6729,6783,6703,5843,5623,5525,6532,6554,6524,0
1984Q3,7344,7344,6609,6704,6589,5815,5628,5469,6485,6512,6475,0
1984Q4,7329,7329,6717,6769,6702,5878,5571,5486,6581,6593,6575,0
1985Q1,7812,7812,6896,7018,6869,5862,5578,5431,6580,6613,6572,0
1985Q2,7847,7847,7075,7135,7044,5873,5620,5516,6584,6609,6575,0
1985Q3,7906,7906,6979,7084,6946,5872,5601,5420,6583,6610,6578,0
1985Q4,7871,7871,7126,7196,7101,6119,5537,5420,6874,6885,6871,0
1986Q1,8367,8367,7297,7407,7257,6057,5682,5522,6789,6826,6779,0
1986Q2,8374,8374,7450,7500,7411,6177,5770,5673,6950,6986,6943,0
1986Q3,8345,8345,7262,7357,7222,6165,5845,5670,6939,6981,6936,0
1986Q4,8238,8238,7347,7400,7319,6385,5843,5734,7238,7255,7234,0
1987Q1,8549,8549,7311,7459,7271,6280,5967,5774,7131,7165,7124,0
1987Q2,8537,8537,7471,7513,7426,6351,6037,5916,7187,7227,7185,0
1987Q3,8486,8486,7265,7369,7225,6328,6059,5846,7177,7217,7173,0
1987Q4,8380,8380,7389,7442,7366,6428,6023,5909,7349,7373,7344,0
1988Q1,8591,8591,7249,7412,7213,6260,6028,5818,7141,7174,7137,0
1988Q2,8512,8512,7320,7378,7279,6223,5991,5868,7113,7150,7108,0
1988Q3,8421,8421,7122,7219,7093,6151,5962,5782,7039,7069,7034,0
1988Q4,8302,8302,7226,7291,7203,6237,5836,5721,7210,7222,7204,0
1989Q1,8514,8514,7156,7304,7130,6082,5863,5687,7009,7031,7002,0
1989Q2,8451,8451,7237,7288,7204,6061,5822,5716,6980,7006,6971,0
1989Q3,8386,8386,7054,7130,7023,5989,5795,5657,6898,6924,6889,0
1989Q4,8251,8251,7132,7179,7114,6115,5710,5632,7060,7077,7051,0
1990Q1,8535,8535,7082,7197,7045,5929,5730,5573,6846,6877,6836,0
1990Q2,8501,8501,7225,7258,7191,5943,5709,5615,6865,6899,6854,0
1990Q3,8455,8455,7043,7114,7010,5851,5660,5528,6750,6778,6741,0
1990Q4,8382,8382,7211,7242,7181,6081,5582,5501,7039,7061,7029,0
1991Q1,8602,8602,7170,7274,7139,5827,5588,5466,6744,6767,6731,0
1991Q2,8559,8559,7277,7316,7243,5902,5626,5553,6822,6853,6809,0
1991Q3,8532,8532,7120,7193,7092,5872,5652,5532,6797,6823,6790,0
1991Q4,8492,8492,7219,7248,7199,6110,5594,5530,7090,7108,7084,0
1992Q1,9089,9089,7380,7473,7338,5958,5728,5591,6909,6938,6900,0
1992Q2,9122,9122,7579,7609,7540,6052,5773,5703,7001,7035,6985,0
1992Q3,9144,9144,7460,7545,7421,6073,5819,5695,7032,7060,7019,0
1992Q4,9142,9142,7683,7713,7659,6518,5853,5786,7525,7533,7514,0
1993Q1,9796,9796,7880,7997,7847,6307,6082,5954,7270,7290,7248,0
1993Q2,9789,9789,8113,8176,8085,6461,6116,6040,7506,7537,7473,0
1993Q3,9793,9793,8034,8138,8005,6492,6224,6097,7612,7637,7590,0
1993Q4,9767,9767,8728,8798,8710,6855,6274,6194,8636,8642,8616,0
1994Q1,10333,10333,8806,9050,8773,6616,6402,6259,8380,8419,8367,0
1994Q2,10349,10349,9059,9180,9014,6784,6432,6335,8545,8594,8529,0
1994Q3,10332,10332,8851,9006,8816,6703,6478,6344,8464,8505,8452,0
1994Q4,10195,10195,9158,9230,9130,7167,6434,6347,9009,9025,8997,0
1995Q1,11243,11243,9354,9603,9308,6847,6568,6417,8626,8666,8618,0
1995Q2,11223,11223,9702,9793,9649,6966,6548,6456,8715,8761,8703,0
1995Q3,11166,11166,9482,9620,9433,6990,6605,6477,8752,8796,8746,0
1995Q4,10956,10956,9926,9975,9893,7734,6501,6423,9575,9598,9565,0
1996Q1,11381,11381,9638,9885,9587,7173,6738,6568,8882,8927,8873,0
1996Q2,11340,11340,9967,10069,9911,7499,6914,6832,9241,9291,9236,0
1996Q3,11219,11219,9691,9829,9642,7465,7137,7014,9192,9229,9189,0
1996Q4,11019,11019,10094,10119,10062,8144,7156,7089,9971,9994,9966,0
1997Q1,11276,11276,9787,10067,9750,7622,7372,7170,9339,9391,9334,0
1997Q2,11164,11164,9946,10064,9903,7756,7337,7259,9439,9504,9431,0
1997Q3,11036,11036,9640,9798,9603,7642,7364,7243,9319,9372,9311,0
1997Q4,10790,10790,9864,9893,9835,8043,7293,7234,9775,9796,9765,0
1998Q1,11657,11657,9735,10050,9693,7706,7419,7213,9371,9428,9357,0
1998Q2,11515,11515,10009,10125,9956,7716,7392,7310,9359,9424,9347,0
1998Q3,11343,11343,9679,9841,9625,7512,7277,7133,9151,9202,9137,0
1998Q4,11154,11154,10244,10265,10207,8354,7137,7064,10109,10121,10088,0
1999Q1,11748,11748,9992,10250,9927,7755,7304,7115,9442,9486,9427,0
1999Q2,11595,11595,10174,10279,10111,7850,7435,7337,9520,9575,9509,0
1999Q3,11436,11436,9819,10005,9763,7820,7458,7305,9456,9506,9440,0
1999Q4,11166,11166,10290,10314,10245,8496,7470,7386,10274,10293,10260,0
2000Q1,11448,11448,10035,10221,9956,8138,7792,7623,9860,9913,9845,0
2000Q2,11272,11272,10126,10218,10050,8206,7854,7733,9915,9981,9901,0
2000Q3,11048,11048,9722,9865,9661,8004,7804,7639,9680,9737,9666,0
2000Q4,10675,10675,9814,9846,9768,8128,7568,7467,9842,9856,9825,0
2001Q1,10877,10877,9421,9681,9369,7792,7536,7281,9450,9498,9437,0
2001Q2,10718,10718,9529,9657,9471,7725,7501,7368,9369,9426,9357,0
2001Q3,10506,10506,9103,9271,9046,7514,7333,7157,9135,9186,9119,0
2001Q4,10193,10193,9278,9307,9244,7656,7156,7070,9327,9347,9311,0
2002Q1,10441,10441,8902,9133,8851,7334,7144,6946,8920,8962,8906,0
2002Q2,10278,10278,9017,9138,8971,7279,7079,6979,8860,8918,8847,0
2002Q3,10101,10101,8609,8773,8554,7033,6933,6769,8577,8625,8563,0
2002Q4,9842,9842,8898,8905,8856,7293,6695,6619,8909,8925,8900,0
2003Q1,10096,10096,8530,8739,8474,6823,6669,6473,8360,8400,8353,0
2003Q2,9966,9966,8693,8799,8647,6844,6618,6535,8394,8434,8387,0
2003Q3,9802,9802,8323,8490,8281,6655,6523,6392,8177,8211,8170,0
2003Q4,9592,9592,8641,8643,8607,7037,6386,6320,8638,8651,8629,0
2004Q1,9777,9777,8257,8439,8209,6551,6415,6256,8061,8094,8051,0
2004Q2,9676,9676,8382,8460,8332,6610,6374,6286,8110,8151,8098,0
2004Q3,9564,9564,8081,8215,8036,6501,6359,6230,7982,8023,7973,0
2004Q4,9403,9403,8367,8386,8340,6834,6259,6191,8382,8397,8373,0
2005Q1,9685,9685,8003,8194,7962,6394,6266,6100,7852,7892,7846,0
2005Q2,9565,9565,8153,8240,8116,6439,6207,6137,7897,7936,7891,0
2005Q3,9418,9418,7851,7969,7815,6280,6143,6040,7723,7759,7714,593
2005Q4,9249,9249,8129,8171,8105,6655,6045,5983,8170,8169,8143,1133
2006Q1,9411,9411,7811,7970,7767,6150,6033,5915,7571,7607,7563,6176
2006Q2,9354,9354,7946,8050,7914,6236,5997,5937,7656,7698,7645,6646
2006Q3,9298,9298,7675,7815,7645,6116,5970,5882,7520,7561,7511,6587
2006Q4,9117,9117,7828,7887,7809,6425,5853,5802,7871,7860,7830,6588
2007Q1,9412,9412,7569,7706,7524,6051,5905,5799,7437,7472,7427,6508
2007Q2,9339,9339,7608,7702,7566,6118,5854,5786,7495,7527,7481,6494
2007Q3,9233,9233,7325,7429,7284,5971,5824,5731,7325,7354,7311,6404
2007Q4,9099,9099,7487,7530,7461,6168,5737,5676,7548,7544,7507,6428
2008Q1,9330,9330,7249,7389,7212,5882,5763,5655,7201,7248,7191,6385
2008Q2,9259,9259,7351,7436,7317,5904,5716,5664,7211,7254,7201,6347
2008Q3,9118,9118,7070,7185,7043,5693,5609,5531,6974,7018,6965,6213
2008Q4,8932,8932,7279,7311,7257,5932,5450,5416,7265,7269,7231,6113
2009Q1,9178,9178,7020,7157,6989,5548,5424,5335,6793,6841,6782,6025
2009Q2,9095,9095,7129,7208,7095,5609,5401,5354,6861,6902,6847,5966
2009Q3,9019,9019,6873,6986,6836,5461,5347,5260,6701,6739,6686,5892
2009Q4,8889,8889,7160,7216,7137,5871,5261,5224,7190,7160,7124,5866
2010Q1,9171,9171,6975,7105,6946,5481,5333,5263,6716,6768,6704,5882
2010Q2,9123,9123,7065,7141,7036,5538,5317,5284,6784,6837,6774,5864
2010Q3,9058,9058,6833,6932,6801,5431,5291,5231,6660,6717,6648,5804
2010Q4,8903,8903,7070,7087,7043,5759,5218,5186,7074,7072,7026,5800
2011Q1,9295,9295,6873,6987,6837,5415,5262,5182,6662,6711,6646,5759
2011Q2,9285,9285,6964,7024,6930,5469,5234,5200,6723,6769,6709,5757
2011Q3,9233,9233,6738,6833,6710,5374,5222,5161,6608,6658,6596,5730
2011Q4,9093,9093,7057,7073,7029,5744,5159,5120,7070,7081,7044,5726
2012Q1,9673,9673,6965,7091,6930,5458,5223,5139,6716,6767,6704,5809
2012Q2,9604,9604,7087,7160,7062,5490,5268,5234,6757,6803,6744,5781
2012Q3,9497,9497,6849,6962,6822,5373,5252,5185,6615,6671,6602,5741
2012Q4,9356,9356,7282,7316,7268,5918,5191,5154,7296,7311,7266,5765
2013Q1,9697,9697,7055,7190,7023,5406,5254,5164,6656,6715,6640,5744
2013Q2,9667,9667,7216,7298,7186,5519,5260,5220,6780,6843,6773,5786
2013Q3,9596,9596,6965,7071,6934,5438,5273,5206,6692,6750,6680,5788
2013Q4,9496,9496,7374,7384,7348,5980,5257,5218,7377,7402,7364,5858
2014Q1,9681,9681,7025,7164,7002,5493,5382,5308,6786,6846,6776,5882
2014Q2,9614,9614,7156,7259,7135,5589,5343,5301,6899,6953,6890,5940
2014Q3,9494,9494,6869,6996,6845,5451,5326,5262,6737,6795,6729,5902
2014Q4,9315,9315,7149,7157,7132,5753,5231,5201,7148,7180,7139,5906
2015Q1,9523,9523,6795,6959,6773,5376,5288,5212,6695,6746,6690,5875
2015Q2,9468,9468,6886,7006,6865,5437,5211,5172,6767,6815,6760,5884
2015Q3,9373,9373,6613,6758,6590,5250,5160,5100,6561,6605,6550,5814
2015Q4,9230,9230,6906,6906,6887,5516,5031,5003,6906,6938,6899,5768
2016Q1,9472,9472,6526,6689,6504,5114,5018,4956,6390,6445,6384,5678
2016Q2,9438,9438,6647,6754,6621,5178,4974,4945,6450,6505,6444,5637
2016Q3,9305,9305,6347,6502,6320,4994,4904,4839,6255,6303,6246,5540
2016Q4,9159,9159,6741,6743,6723,5374,4793,4774,6739,6766,6731,5511
2017Q1,9438,9438,6373,6538,6348,4897,4807,4753,6155,6210,6149,5437
2017Q2,9376,9376,6511,6622,6490,5003,4749,4724,6264,6312,6258,5438
2017Q3,9254,9254,6204,6356,6184,4847,4727,4672,6086,6137,6081,5349
2017Q4,9171,9171,6632,6626,6610,5309,4674,4653,6629,6658,6622,5367
2018Q1,9437,9437,6207,6374,6188,4825,4736,4681,6045,6092,6039,5319
2018Q2,9414,9414,6381,6495,6354,4987,4701,4669,6217,6258,6210,5362
2018Q3,9337,9337,6121,6266,6098,4842,4724,4678,6041,6085,6035,5313
2018Q4,9222,9222,6543,6545,6525,5279,4638,4616,6551,6578,6541,5312
2019Q1,9578,9578,6149,6312,6125,4769,4691,4637,5972,6003,5960,5226
2019Q2,9551,9551,6372,6478,6344,4919,4647,4624,6131,6160,6122,5285
2019Q3,9493,9493,6103,6244,6078,4756,4635,4595,5942,5970,5927,5212
2019Q4,9377,9377,6629,6627,6611,5379,4573,4555,6626,6649,6618,5220
2020Q1,9832,9832,6418,6573,6386,4853,4616,4567,6007,6055,5997,5162
2020Q2,9802,9802,6720,6824,6700,5093,4720,4700,6265,6307,6253,5220
2020Q3,9757,9757,6467,6599,6445,4985,4798,4758,6139,6183,6121,5255
2020Q4,9724,9724,6886,6896,6872,5633,4814,4802,6870,6897,6866,5386
2021Q1,10084,10084,6636,6787,6614,5172,5022,4978,6332,6392,6326,5409
2021Q2,10108,10108,6838,6960,6820,5434,5021,5003,6608,6666,6602,5510
2021Q3,10131,10131,6500,6653,6484,5309,5104,5064,6463,6523,6457,5588
2021Q4,10145,10145,6933,6945,6922,5701,5171,5160,6914,6935,6909,5776
2022Q1,10481,10481,6548,6730,6539,5352,5217,5150,6485,6538,6480,5697
2022Q2,10489,10489,6807,6927,6791,5560,5207,5183,6695,6752,6688,5757
2022Q3,10471,10471,6431,6603,6422,5298,5164,5111,6414,6476,6407,5668
2022Q4,10449,10449,6911,6922,6903,5688,5094,5083,6881,6900,6874,5713
2023Q1,10643,10643,6436,6601,6428,5251,5095,5045,6367,6422,6359,5612
2023Q2,10605,10605,6688,6819,6678,5435,5058,5039,6551,6600,6542,5698
2023Q3,10616,10616,6293,6458,6284,5141,4992,4948,6246,6302,6240,5601
2023Q4,10552,10552,6727,6740,6721,5528,4883,4875,6703,6720,6698,5626
2024Q1,10695,10695,6182,6362,6176,5040,4878,4827,6124,6184,6118,5492
2024Q2,10690,10690,6462,6593,6456,5268,4835,4823,6354,6407,6349,5558
2024Q3,10811,10811,6047,6214,6037,4960,4787,4742,6031,6089,6025,5399
2024Q4,10839,10839,6484,6492,6476,5328,4690,4681,6475,6493,6472,5468
2025Q1,10979,10979,5959,6113,5950,4840,4682,4651,5893,5949,5886,5291
2025Q2,11047,11047,6177,6299,6168,5086,4625,4609,6137,6191,6131,5392
2025Q3,11122,11122,5646,5828,5638,4767,4598,4525,5789,5853,5785,5236
2025Q4,11264,11264,6060,6072,6055,5003,4498,4489,6068,6090,6064,5282
2026Q1,11248,11248,5551,5689,5547,4640,4506,4484,5630,5696,5626,5087
2026Q2,11170,11170,5195,5296,5189,4317,4091,4086,5253,5317,5249,4704
2026Q3,5793,5793,0,0,0,0,0,0,0,0,0,0
