column,dtype,n,n_non_null,share_available,n_distinct,n_exact_zero,n_negative,mean,std,min,p01,p25,median,p75,p99,max
KEY,string,1903381,1902998,0.9997987791198925,1902998.0,,,,,,,,,,,
symbol,string,1903381,1902998,0.9997987791198925,41009.0,,,,,,,,,,,
company,string,1903381,1903381,1.0,41024.0,,,,,,,,,,,
sector,string,1903381,1596064,0.8385415216396507,11.0,,,,,,,,,,,
fiscal_period_end_date,datetime64[ns],1903381,1903381,1.0,787.0,,,,,,,,,,,
run_date,string,1903381,1903381,1.0,1.0,,,,,,,,,,,
calc_tax_expense_quarterly,float64,1903381,1540896,0.8095573088099545,,369516.0,208851.0,15.650052078141547,172.64856655017374,-50571.0,-28.0,0.0,0.201,3.069,350.0,39186.0
pretax_income,float64,1903381,1536711,0.8073585897936356,,3884.0,544066.0,53.838259210092154,580.8142899305798,-63049.0,-152.23879999999997,-0.514,0.885,11.075000000000001,1259.0,138753.0
calc_raw_tax_rate_quarterly,float64,1903381,1532010,0.804888774239104,,365466.0,149251.0,-0.1322890368658099,404.53731661568844,-500641.0,-1.2236518453236351,0.0,0.24069845621423286,0.3861892583120205,1.3611620770893835,2016.0
ebit,float64,1903381,1459763,0.7669315812230972,,4342.0,466996.0,83.02932048113291,702.8410779411374,-62325.0,-61.25414,-0.221,1.6780000000000002,18.171,1603.0,63734.0
calc_nopat_quarterly,float64,1903381,1453102,0.7634320191280674,,1778.0,476685.0,55.896400644806945,8272.721734452873,-9683751.0,-71.72261086970087,-0.23758742263483643,1.098,12.762437656342353,1225.2036565757132,1433777.2412296995
calc_nopat_decomposition_status,category,1903381,1903381,1.0,3.0,,,,,,,,,,,
calc_nopat_change_quarterly,float64,1903381,1361502,0.7153071297864169,,2116.0,641743.0,0.5436021212513702,11910.142477144622,-9690112.725470185,-245.7183730830354,-0.9180000000000001,0.026000000000000023,1.2881264664314704,251.7746760209739,9689896.697263902
calc_nopat_change_direction,category,1903381,1903381,1.0,4.0,,,,,,,,,,,
calc_nopat_ebit_contribution,float64,1903381,1361502,0.7153071297864169,,3138.0,639674.0,5.618398861291254,7637.314262941083,-1725713.987312511,-191.88980939883416,-0.8349867040274686,0.025504772976399616,1.2046034401460632,196.44869753445215,8719194.62027389
calc_nopat_tax_contribution,float64,1903381,1361502,0.7153071297864169,,162754.0,602324.0,-5.074796740039884,13349.877494506347,-9542471.838460416,-105.5905936671427,-0.07761855195961408,0.0,0.07491003208141844,106.41599392626381,9655730.54863195
calc_nopat_decomposition_residual,float64,1903381,1361502,0.7153071297864169,,618547.0,373472.0,1.5680576647644634e-16,2.263143200198065e-12,-1.862645149230957e-09,-2.842170943040401e-14,-1.3877787807814457e-17,0.0,1.3877787807814457e-17,2.842170943040401e-14,1.862645149230957e-09
calc_nopat_ebit_effect,category,1903381,1903381,1.0,4.0,,,,,,,,,,,
calc_nopat_tax_effect,category,1903381,1903381,1.0,4.0,,,,,,,,,,,
calc_nopat_effect_combination,category,1903381,1903381,1.0,10.0,,,,,,,,,,,
total_current_assets,float64,1903381,1163231,0.6111393357399281,,6055.0,74.0,911.6724621945256,5328.687348818429,-12.673,0.007,9.354000000000001,57.027,301.7825,16798.699999999953,343840.946
total_current_liabilities,float64,1903381,1171964,0.6157274870349131,,2252.0,11.0,703.6456979199017,4576.488021815794,-118.0,0.038,4.559,25.46,163.45625,13385.073999999977,335734.599
goodwill,float64,1903381,671188,0.3526293474611757,,325001.0,7.0,658.1289200134681,3687.6459359440623,-91.63000000000001,0.0,0.0,0.49300000000000005,91.2625,14274.130000000005,146662.0
net_ppe,float64,1903381,1372678,0.7211787865908087,,61316.0,6.0,1084.0116521109828,6772.879591080673,-0.56,0.0,2.395,21.232,198.704,20960.22999999998,538789.0
calc_ic_raw,float64,1903381,1160598,0.6097560078617996,,798.0,87637.0,1676.326656864823,8648.414240202408,-56429.0,-13.735030000000002,8.493,68.51650000000001,512.1567500000001,30625.030000000028,614147.0
calc_average_ic_raw_quarterly,float64,1903381,1087160,0.5711730862081738,,447.0,76771.0,1661.8206394702702,8577.652689932364,-45317.0,-11.216025,9.281500000000001,72.91300000000001,531.39075,29900.319999999832,559165.0
calc_roic_pretax_quarterly_ic_raw,float64,1903381,1071134,0.562753332096937,,2776.0,335953.0,212248921.5954422,57367614155626.016,-4.3811017175060184e+16,-1.592809558056264,-0.018452358431683198,0.025213617502651244,0.0595802789558644,1.5151515151515156,2.305843009213694e+16
calc_roic_pretax_annualized_ic_raw,float64,1903381,1053970,0.5537356945351456,,2776.0,318789.0,4.177082607565503e+59,2.971128192126429e+62,-1.0,-0.9800848905749227,-0.05566548478259503,0.10850121768562293,0.26441219648613523,41.087273527879965,2.826955303645415e+65
calc_roic_posttax_quarterly_ic_raw,float64,1903381,1068334,0.561282265610511,,1354.0,343161.0,-3773293513.820634,56213172347214.78,-4.3811017175060184e+16,-1.5962829054449954,-0.017375576138166718,0.017736336548167572,0.04146001679937876,1.5151515151515156,2.305843009213694e+16
calc_roic_posttax_annualized_ic_raw,float64,1903381,1051118,0.5522373082425431,,1354.0,325945.0,3.806668367746624e+59,2.949976833345366e+62,-1.0,-0.9806131225007516,-0.05252520681823217,0.07543500018776983,0.17915366799117327,41.11541133668681,2.826955303645415e+65
calc_roic_decomposition_status,category,1903381,1903381,1.0,4.0,,,,,,,,,,,
calc_roic_posttax_change_quarterly,float64,1903381,1026266,0.5391805424137364,,361.0,523688.0,352028675.3424139,81097812797394.8,-4.381101717506019e+16,-2.1832466445629852,-0.018332180870103673,-0.00037973105190931226,0.014028236553031948,2.3209256073643427,4.3811017175060184e+16
calc_roic_posttax_change_direction,category,1903381,1903381,1.0,4.0,,,,,,,,,,,
calc_roic_ebit_contribution,float64,1903381,1026266,0.5391805424137364,,356.0,490171.0,730238042559.2286,723013421014975.0,-4.918784979005166e+16,-1.0032587689446264,-0.01359537761015582,0.000663851755359757,0.0140855519775097,1.0294941363067767,7.251876263977068e+17
calc_roic_tax_contribution,float64,1903381,1026266,0.5391805424137364,,412.0,513790.0,-5648613866.602493,4231030522909.2075,-3870922892473201.5,-0.13478810719899562,-0.0008204822237941082,-1.0648105343525562e-20,0.0007804952531031547,0.13259541712983913,249362981689905.25
calc_roic_ic_contribution,float64,1903381,1026266,0.5391805424137364,,342.0,705854.0,-724237400017.2833,736077382997773.0,-7.321051554253478e+17,-1.7648278822460897,-0.003577300940585749,-0.0004959178721484172,0.00013416327051614092,1.7513228805446783,5.847506903691032e+16
calc_roic_decomposition_residual,float64,1903381,1026266,0.5391805424137364,,275835.0,372573.0,-9.643576811469696e-05,0.09855267376299244,-99.0,-2.220446049250313e-16,-2.6020852139652106e-18,0.0,2.6020852139652106e-18,2.220446049250313e-16,6.0
calc_roic_ebit_effect,category,1903381,1903381,1.0,4.0,,,,,,,,,,,
calc_roic_tax_effect,category,1903381,1903381,1.0,4.0,,,,,,,,,,,
calc_roic_ic_effect,category,1903381,1903381,1.0,4.0,,,,,,,,,,,
calc_roic_effect_combination,category,1903381,1903381,1.0,28.0,,,,,,,,,,,
calc_ebit_movement,category,1903381,1903381,1.0,4.0,,,,,,,,,,,
calc_tax_rate_movement,category,1903381,1903381,1.0,4.0,,,,,,,,,,,
calc_ic_movement,category,1903381,1903381,1.0,4.0,,,,,,,,,,,
calc_raw_movement_combination,category,1903381,1903381,1.0,28.0,,,,,,,,,,,
calc_roic_has_opposing_effects,boolean,1903381,1026266,0.5391805424137364,2.0,,,,,,,,,,,
calc_roic_positive_driver_count,Int8,1903381,1026266,0.5391805424137364,4.0,,,,,,,,,,,
calc_roic_negative_driver_count,Int8,1903381,1026266,0.5391805424137364,4.0,,,,,,,,,,,
calc_roic_neutral_driver_count,Int8,1903381,1026266,0.5391805424137364,4.0,,,,,,,,,,,
calc_roic_active_driver_count,Int8,1903381,1026266,0.5391805424137364,4.0,,,,,,,,,,,
calc_roic_effect_structure,category,1903381,1903381,1.0,9.0,,,,,,,,,,,
calc_roic_total_absolute_contribution,float64,1903381,1026266,0.5391805424137364,,342.0,0.0,2129710399632.8286,1457395576782543.8,0.0,0.0009327889811961276,0.009134490703168106,0.02315201408636891,0.07153830093538227,7.825826749640944,1.4572927818230546e+18
calc_roic_ebit_absolute_share,float64,1903381,1025421,0.5387365955633685,,12.0,0.0,0.6346833295087926,0.2907262718734721,0.0,0.012084848853275562,0.4161430432332907,0.7055318131060162,0.8890659372253362,0.9979064564547877,1.0
calc_roic_tax_absolute_share,float64,1903381,1025421,0.5387365955633685,,70.0,0.0,0.16955304659207085,0.23944084301492022,0.0,1.9936236064796507e-18,0.00041271179216915586,0.05250790115615928,0.24710798278901389,0.938631697659215,1.0
calc_roic_ic_absolute_share,float64,1903381,1025421,0.5387365955633685,,0.0,0.0,0.19576362389913646,0.2440287665907003,5.1640404191434445e-20,0.0002649807876828991,0.021706763049096457,0.08625112689597837,0.27958678129572206,0.9575028151131486,1.0
calc_roic_dominant_driver,category,1903381,1903381,1.0,6.0,,,,,,,,,,,
calc_roic_dominant_driver_effect,category,1903381,1903381,1.0,4.0,,,,,,,,,,,
calc_roic_offset_ratio,float64,1903381,1025421,0.5387365955633685,,209055.0,0.0,0.25692776060944,0.30152692762232725,0.0,0.0,3.3306690738754696e-16,0.11702400795087375,0.46056772314974004,0.9764747037411707,1.0
calc_ebit_sign_regime,category,1903381,1903381,1.0,10.0,,,,,,,,,,,
calc_nopat_sign_regime,category,1903381,1903381,1.0,10.0,,,,,,,,,,,
calc_tax_rate_quality_flag,category,1903381,1903381,1.0,4.0,,,,,,,,,,,
calc_roic_quality_flag,category,1903381,1903381,1.0,4.0,,,,,,,,,,,
calc_roic_explanation,category,1903381,1903381,1.0,361.0,,,,,,,,,,,
short_term_debt,float64,1903381,1345596,0.7069504213817412,,261824.0,30.0,599.3004621833002,9314.161403918732,-1068.0,0.0,0.1,2.4810000000000003,25.464000000000002,6633.016750000048,784671.0
long_term_debt,float64,1903381,1422760,0.7474909122240897,,275846.0,22.0,1538.1544548895117,31168.500834233208,-45.015,0.0,0.23,14.8725,232.21125,21050.34767999993,4217617.0
calc_debt_value_quarterly,float64,1903381,1428057,0.7502738547878749,,171160.0,10.0,2097.143837361255,34733.54571034811,-110.0,0.0,1.463,25.0,302.27000000000004,27487.28079999983,4232350.0
equity,float64,1903381,1401251,0.736190494703898,,854.0,121389.0,1388.6577267798561,8701.01977998765,-90520.0,-165.3895,8.924000000000001,64.783,407.764,25164.5105,750177.0
calc_debt_to_equity_quarterly,float64,1903381,1388919,0.7297114975929675,,168692.0,111604.0,31.029069551418733,7417.90014480038,-116680.61111111111,-9.39980461329713,0.0199707373699176,0.3970907511940947,1.078107556121349,16.114130294974398,2515755.000631506
market_cap,float64,1903381,469722,0.24678296147749715,,7.0,0.0,5647.085710135356,48482.528703986456,0.0,0.5004000000000001,49.6086,316.98085000000003,1884.0013000000001,91294.06901399972,4921519.45
free_cash_flow,float64,1903381,0,0.0,,0.0,0.0,,,,,,,,,
calc_free_cash_flow_ttm,float64,1903381,0,0.0,,0.0,0.0,,,,,,,,,
calc_ev_to_fcf_quarterly,float64,1903381,0,0.0,,0.0,0.0,,,,,,,,,
