column,n_overlap,nan_pattern_agreement,correlation,median_ratio,median_rel_deviation,share_within_1pct,share_within_5pct,max_abs_deviation,within_thresholds,expected_gap,note
pretax_income,21475,0.9582560296846011,0.9979893168305567,1.0,0.0,0.9072875436554133,0.9481722933643771,10648.0,True,False,
ebit,21357,0.9558264864387314,0.9183844682873813,0.9999875949286114,0.07276995305164319,0.18106475628599522,0.4219693777215901,97761.0,False,True,GuruFocus EBIT measured as piq+xintq; here oiadpq per the dictionary
total_current_assets,18489,0.9869688134994258,0.9986965306637023,1.0,0.0,0.9951322407918222,0.9978365514630321,110771.0,True,False,
total_current_liabilities,18405,0.9844950967399947,0.9996346255618641,1.0,0.0,0.9944036946481934,0.997826677533279,48597.0,True,False,
goodwill,17832,0.8498542274052479,0.9993332169165353,1.0,0.0,0.9942238672050246,0.995233288470166,40483.0,True,False,
net_ppe,20322,0.9434579026415761,0.9676265103453479,1.0,1.317268376814275e-16,0.7702981989961618,0.8064658990256864,135236.0,True,False,
short_term_debt,14755,0.737741849986748,0.936356318365299,1.061369788497293,0.07444561774023231,0.39810233819044394,0.4632328024398509,27661.513,False,True,dlcq includes the current portion of long-term debt
market_cap,22197,0.9898400918809082,0.9997418687823412,1.0,1.2764493987719295e-07,0.9343154480335181,0.957111321349732,132873.59500000003,True,False,
equity,22234,0.9955826486438731,0.9966265912046991,1.0,1.4337834434913042e-16,0.892327066654673,0.942610416479266,104138.0,True,True,equity = atq - ltq (total equity incl. minority interest); GuruFocus used seqq
calc_tax_expense_quarterly,21637,0.966295609152752,0.9956568616790678,1.0,0.0,0.952026621065767,0.9726394601839442,4961.0,True,False,
calc_raw_tax_rate_quarterly,21306,0.9517625231910947,0.9999998975674179,0.9994659342336157,0.012915643234611866,0.40218717732094245,0.8767952689383273,121.29764408918805,True,True,"never clipped to [0,1] here; GuruFocus rounds to 2dp"
calc_nopat_quarterly,20263,0.9088258680095415,0.45626385581692785,0.9999842259701667,0.0722065163960442,0.17924295513991018,0.42264225435522873,8652006.0,False,True,downstream of the ebit definition
calc_ic_raw,15752,0.8693347468857673,0.9823014415857716,1.0,1.343702883804266e-16,0.8028186896901981,0.9334687658710005,135236.0,True,False,
calc_average_ic_raw_quarterly,15181,0.8468504284830816,0.983055508480969,1.0,1.1620475279806249e-07,0.7797905276332258,0.9333377247875634,133754.5,True,False,
calc_roic_pretax_quarterly_ic_raw,15165,0.846276172806785,0.5150413033466505,0.9940265129454833,0.10803423839217031,0.06495219254863172,0.2950214309264754,23.46679815597463,False,True,downstream of ebit; GuruFocus rounds to 2 decimals
calc_roic_posttax_quarterly_ic_raw,14839,0.8328915981977206,0.9077966800613096,0.9911814266209975,0.1148096723518921,0.05997708740481165,0.2713120830244626,276.63866229561165,False,True,downstream of ebit; GuruFocus rounds to 2 decimals
calc_debt_value_quarterly,22217,0.9907235621521335,0.9177525461258148,1.0,1.1352361386358747e-07,0.7685556105684835,0.8786514830985281,725918.0,False,True,downstream of short_term_debt (median ratio 1.0000)
calc_debt_to_equity_quarterly,20427,0.915981977206467,0.11633846952004637,0.9986886994362576,0.013774395828929734,0.44607627160131197,0.7116561413815049,11920.080068229012,False,True,denominator differs with equity; Pearson is dominated by near-zero-equity outliers while the median relative deviation is 1.4%
calc_nopat_change_quarterly,19338,0.8701740436434314,0.45735678643710126,0.9180469104340352,0.34251366232382974,0.09773502947564382,0.2036405005688282,8652961.997263903,False,True,downstream of ebit; first differences amplify the gap
calc_roic_posttax_change_quarterly,14182,0.8068733987101334,0.9089300673159189,0.8841962593747469,0.3885527146919886,0.06959526159921027,0.16781836130306022,276.6419684453167,False,True,downstream of ebit; first differences amplify
calc_roic_ebit_contribution,14182,0.8068733987101334,0.9985499516717059,0.799674454633428,0.4438830025794214,0.06994782118177972,0.16224791989846285,143.46703160416018,False,True,"downstream of ebit (correlation 0.999, level ratio 0.80)"
calc_roic_tax_contribution,14182,0.8068733987101334,0.9309520687144146,0.9994024367673808,0.09091754855153535,0.1302355098011564,0.37187984769426036,416.9793035577993,False,True,downstream of ebit
calc_roic_ic_contribution,14182,0.8068733987101334,0.5844454678199759,0.9996513018890809,0.11618580348125046,0.1209279368213228,0.332040614863912,29.350006115910126,False,True,downstream of ebit
