logical_field,source_candidates,source_found,status,n_non_null
gvkey,gvkey,gvkey,MAPPED,1905162
symbol,tic,tic,MAPPED,1904779
company,conm,conm,MAPPED,1905162
sector,gsector,gsector,MAPPED,1597706
fiscal_period_end_date,datadate,datadate,MAPPED,1905162
total_current_assets,actq,actq,MAPPED,1164241
total_current_liabilities,lctq,lctq,MAPPED,1172990
net_ppe,ppentq,ppentq,MAPPED,1373790
goodwill,gdwlq,gdwlq,MAPPED,671525
total_assets,atq,atq,MAPPED,1410009
total_liabilities,ltq,ltq,MAPPED,1402438
ebit,oiadpq,oiadpq,MAPPED,1460964
pretax_income,piq,piq,MAPPED,1537980
tax_provision_raw,txtq,txtq,MAPPED,1542163
short_term_debt,dlcq,dlcq,MAPPED,1346689
long_term_debt,dlttq,dlttq,MAPPED,1423899
market_cap,mkvaltq,mkvaltq,MAPPED,469926
,,capxy,UNMAPPED_SOURCE_COLUMN,1155326
,,cheq,UNMAPPED_SOURCE_COLUMN,1394772
,,consol,UNMAPPED_SOURCE_COLUMN,1905162
,,costat,UNMAPPED_SOURCE_COLUMN,1905162
,,curcdq,UNMAPPED_SOURCE_COLUMN,1905162
,,datafmt,UNMAPPED_SOURCE_COLUMN,1905162
,,exchg,UNMAPPED_SOURCE_COLUMN,1904767
,,indfmt,UNMAPPED_SOURCE_COLUMN,1905162
,,oancfy,UNMAPPED_SOURCE_COLUMN,1054842
,,seqq,UNMAPPED_SOURCE_COLUMN,1441132
,,teqq,UNMAPPED_SOURCE_COLUMN,523822
,,xintq,UNMAPPED_SOURCE_COLUMN,1205551
