family,n_declared_levels,level,rows,share,reached
calc_nopat_decomposition_status,3,VALID,1361502,0.7153071297864169,True
calc_nopat_decomposition_status,3,UNCLASSIFIED_NONCONSECUTIVE,44099,0.023168771780321437,True
calc_nopat_decomposition_status,3,UNCLASSIFIED_MISSING_DATA,497780,0.26152409843326163,True
calc_nopat_change_direction,4,INCREASE,704150,0.3699469522917377,True
calc_nopat_change_direction,4,DECREASE,628592,0.3302502231555322,True
calc_nopat_change_direction,4,STABLE,28760,0.015109954339147023,True
calc_nopat_change_direction,4,UNCLASSIFIED,541879,0.2846928702135831,True
calc_nopat_ebit_effect,4,POSITIVE,703868,0.36979879488131906,True
calc_nopat_ebit_effect,4,NEGATIVE,625327,0.32853485455618187,True
calc_nopat_ebit_effect,4,NEUTRAL,32307,0.016973480348915954,True
calc_nopat_ebit_effect,4,UNCLASSIFIED,541879,0.2846928702135831,True
calc_nopat_tax_effect,4,POSITIVE,417758,0.2194820690129827,True
calc_nopat_tax_effect,4,NEGATIVE,424329,0.22293434682809168,True
calc_nopat_tax_effect,4,NEUTRAL,519415,0.27289071394534253,True
calc_nopat_tax_effect,4,UNCLASSIFIED,541879,0.2846928702135831,True
calc_nopat_effect_combination,10,EBIT_POS__TAX_POS,198898,0.10449720786327067,True
calc_nopat_effect_combination,10,EBIT_POS__TAX_NEG,237526,0.12479162080529332,True
calc_nopat_effect_combination,10,EBIT_POS__TAX_ZERO,267444,0.1405099662127551,True
calc_nopat_effect_combination,10,EBIT_NEG__TAX_POS,211550,0.11114432685836415,True
calc_nopat_effect_combination,10,EBIT_NEG__TAX_NEG,179892,0.0945118187057662,True
calc_nopat_effect_combination,10,EBIT_NEG__TAX_ZERO,233885,0.12287870899205151,True
calc_nopat_effect_combination,10,EBIT_ZERO__TAX_POS,7310,0.00384053429134787,True
calc_nopat_effect_combination,10,EBIT_ZERO__TAX_NEG,6911,0.0036309073170321653,True
calc_nopat_effect_combination,10,EBIT_ZERO__TAX_ZERO,18086,0.00950203874053592,True
calc_nopat_effect_combination,10,UNCLASSIFIED,541879,0.2846928702135831,True
calc_roic_decomposition_status,4,VALID,1026266,0.5391805424137364,True
calc_roic_decomposition_status,4,UNCLASSIFIED_NONCONSECUTIVE,44099,0.023168771780321437,True
calc_roic_decomposition_status,4,UNCLASSIFIED_MISSING_DATA,832798,0.43753615277235614,True
calc_roic_decomposition_status,4,UNCLASSIFIED_ZERO_IC,218,0.00011453303358602403,True
calc_roic_posttax_change_direction,4,INCREASE,499426,0.26238887537492495,True
calc_roic_posttax_change_direction,4,DECREASE,520806,0.27362151876056345,True
calc_roic_posttax_change_direction,4,STABLE,6034,0.003170148278248023,True
calc_roic_posttax_change_direction,4,UNCLASSIFIED,877115,0.4608194575862636,True
calc_roic_ebit_effect,4,POSITIVE,531413,0.2791942338396779,True
calc_roic_ebit_effect,4,NEGATIVE,486052,0.25536243137868875,True
calc_roic_ebit_effect,4,NEUTRAL,8801,0.004623877195369713,True
calc_roic_ebit_effect,4,UNCLASSIFIED,877115,0.4608194575862636,True
calc_roic_tax_effect,4,POSITIVE,344085,0.18077568285067466,True
calc_roic_tax_effect,4,NEGATIVE,347227,0.18242642960079983,True
calc_roic_tax_effect,4,NEUTRAL,334954,0.1759784299622619,True
calc_roic_tax_effect,4,UNCLASSIFIED,877115,0.4608194575862636,True
calc_roic_ic_effect,4,POSITIVE,266774,0.14015796101778888,True
calc_roic_ic_effect,4,NEGATIVE,642423,0.3375167662175886,True
calc_roic_ic_effect,4,NEUTRAL,117069,0.06150581517835893,True
calc_roic_ic_effect,4,UNCLASSIFIED,877115,0.4608194575862636,True
calc_roic_effect_combination,28,EBIT_POS__TAX_POS__IC_POS,39959,0.020993694903963002,True
calc_roic_effect_combination,28,EBIT_POS__TAX_POS__IC_NEG,108458,0.05698176035171098,True
calc_roic_effect_combination,28,EBIT_POS__TAX_POS__IC_ZERO,19449,0.010218132890892575,True
calc_roic_effect_combination,28,EBIT_POS__TAX_NEG__IC_POS,45056,0.023671561290146324,True
calc_roic_effect_combination,28,EBIT_POS__TAX_NEG__IC_NEG,123755,0.06501851179558901,True
calc_roic_effect_combination,28,EBIT_POS__TAX_NEG__IC_ZERO,23197,0.012187260459151373,True
calc_roic_effect_combination,28,EBIT_POS__TAX_ZERO__IC_POS,44762,0.023517099309071594,True
calc_roic_effect_combination,28,EBIT_POS__TAX_ZERO__IC_NEG,110956,0.058294161809958174,True
calc_roic_effect_combination,28,EBIT_POS__TAX_ZERO__IC_ZERO,15821,0.00831205102919489,True
calc_roic_effect_combination,28,EBIT_NEG__TAX_POS__IC_POS,45056,0.023671561290146324,True
calc_roic_effect_combination,28,EBIT_NEG__TAX_POS__IC_NEG,105439,0.05539563545081095,True
calc_roic_effect_combination,28,EBIT_NEG__TAX_POS__IC_ZERO,22850,0.012004953291012152,True
calc_roic_effect_combination,28,EBIT_NEG__TAX_NEG__IC_POS,40291,0.021168121358782082,True
calc_roic_effect_combination,28,EBIT_NEG__TAX_NEG__IC_NEG,93031,0.04887670939239175,True
calc_roic_effect_combination,28,EBIT_NEG__TAX_NEG__IC_ZERO,19124,0.010047384102289557,True
calc_roic_effect_combination,28,EBIT_NEG__TAX_ZERO__IC_POS,49757,0.02614137684467797,True
calc_roic_effect_combination,28,EBIT_NEG__TAX_ZERO__IC_NEG,96197,0.05054006528382914,True
calc_roic_effect_combination,28,EBIT_NEG__TAX_ZERO__IC_ZERO,14307,0.007516624364748834,True
calc_roic_effect_combination,28,EBIT_ZERO__TAX_POS__IC_POS,601,0.00031575391369358,True
calc_roic_effect_combination,28,EBIT_ZERO__TAX_POS__IC_NEG,1538,0.0008080358057582796,True
calc_roic_effect_combination,28,EBIT_ZERO__TAX_POS__IC_ZERO,735,0.0003861549526868241,True
calc_roic_effect_combination,28,EBIT_ZERO__TAX_NEG__IC_POS,614,0.0003225838652377007,True
calc_roic_effect_combination,28,EBIT_ZERO__TAX_NEG__IC_NEG,1418,0.0007449900991971655,True
calc_roic_effect_combination,28,EBIT_ZERO__TAX_NEG__IC_ZERO,741,0.00038930723801487986,True
calc_roic_effect_combination,28,EBIT_ZERO__TAX_ZERO__IC_POS,678,0.0003562082420702949,True
calc_roic_effect_combination,28,EBIT_ZERO__TAX_ZERO__IC_NEG,1631,0.0008568962283431431,True
calc_roic_effect_combination,28,EBIT_ZERO__TAX_ZERO__IC_ZERO,845,0.00044394685036784544,True
calc_roic_effect_combination,28,UNCLASSIFIED,877115,0.4608194575862636,True
calc_ebit_movement,4,UP,705623,0.37072083833977537,True
calc_ebit_movement,4,DOWN,627437,0.3296434082298815,True
calc_ebit_movement,4,FLAT,28442,0.01494288321676007,True
calc_ebit_movement,4,UNCLASSIFIED,541879,0.2846928702135831,True
calc_tax_rate_movement,4,UP,500392,0.2628963933127419,True
calc_tax_rate_movement,4,DOWN,509466,0.26766369949053814,True
calc_tax_rate_movement,4,FLAT,351644,0.18474703698313685,True
calc_tax_rate_movement,4,UNCLASSIFIED,541879,0.2846928702135831,True
calc_ic_movement,4,UP,548623,0.2882360389223177,True
calc_ic_movement,4,DOWN,399580,0.20993169523074992,True
calc_ic_movement,4,FLAT,78063,0.041012808260668776,True
calc_ic_movement,4,UNCLASSIFIED,877115,0.4608194575862636,True
calc_raw_movement_combination,28,EBIT_UP__TAX_UP__IC_UP,122484,0.0643507526869292,True
calc_raw_movement_combination,28,EBIT_UP__TAX_UP__IC_DOWN,62695,0.03293875477374209,True
calc_raw_movement_combination,28,EBIT_UP__TAX_UP__IC_FLAT,17613,0.009253533580507529,True
calc_raw_movement_combination,28,EBIT_UP__TAX_DOWN__IC_UP,113563,0.05966382978499838,True
calc_raw_movement_combination,28,EBIT_UP__TAX_DOWN__IC_DOWN,63871,0.03355660269804101,True
calc_raw_movement_combination,28,EBIT_UP__TAX_DOWN__IC_FLAT,15911,0.008359335309115727,True
calc_raw_movement_combination,28,EBIT_UP__TAX_FLAT__IC_UP,55241,0.029022565634520887,True
calc_raw_movement_combination,28,EBIT_UP__TAX_FLAT__IC_DOWN,72605,0.038145279373914105,True
calc_raw_movement_combination,28,EBIT_UP__TAX_FLAT__IC_FLAT,5708,0.002998874108756996,True
calc_raw_movement_combination,28,EBIT_DOWN__TAX_UP__IC_UP,92388,0.04853888948140178,True
calc_raw_movement_combination,28,EBIT_DOWN__TAX_UP__IC_DOWN,59947,0.03149500809349258,True
calc_raw_movement_combination,28,EBIT_DOWN__TAX_UP__IC_FLAT,14694,0.007719946768408427,True
calc_raw_movement_combination,28,EBIT_DOWN__TAX_DOWN__IC_UP,104644,0.05497795764484357,True
calc_raw_movement_combination,28,EBIT_DOWN__TAX_DOWN__IC_DOWN,65575,0.034451851731208835,True
calc_raw_movement_combination,28,EBIT_DOWN__TAX_DOWN__IC_FLAT,16738,0.008793825303499404,True
calc_raw_movement_combination,28,EBIT_DOWN__TAX_FLAT__IC_UP,51837,0.027234169091737283,True
calc_raw_movement_combination,28,EBIT_DOWN__TAX_FLAT__IC_DOWN,66437,0.034904730056672835,True
calc_raw_movement_combination,28,EBIT_DOWN__TAX_FLAT__IC_FLAT,4812,0.002528132833100677,True
calc_raw_movement_combination,28,EBIT_FLAT__TAX_UP__IC_UP,2760,0.0014500512509056252,True
calc_raw_movement_combination,28,EBIT_FLAT__TAX_UP__IC_DOWN,1391,0.0007308048152209148,True
calc_raw_movement_combination,28,EBIT_FLAT__TAX_UP__IC_FLAT,511,0.0002684696337727444,True
calc_raw_movement_combination,28,EBIT_FLAT__TAX_DOWN__IC_UP,2878,0.001512046195690721,True
calc_raw_movement_combination,28,EBIT_FLAT__TAX_DOWN__IC_DOWN,1478,0.0007765129524777225,True
calc_raw_movement_combination,28,EBIT_FLAT__TAX_DOWN__IC_FLAT,525,0.0002758249662048744,True
calc_raw_movement_combination,28,EBIT_FLAT__TAX_FLAT__IC_UP,2828,0.0014857771512902566,True
calc_raw_movement_combination,28,EBIT_FLAT__TAX_FLAT__IC_DOWN,5581,0.002932150735979817,True
calc_raw_movement_combination,28,EBIT_FLAT__TAX_FLAT__IC_FLAT,1551,0.0008148657573024003,True
calc_raw_movement_combination,28,UNCLASSIFIED,877115,0.4608194575862636,True
calc_roic_effect_structure,9,NO_MATERIAL_CHANGE,845,0.00044394685036784544,True
calc_roic_effect_structure,9,SINGLE_POSITIVE_DRIVER,17234,0.00905441422395201,True
calc_roic_effect_structure,9,ALL_POSITIVE,104771,0.05504468101762075,True
calc_roic_effect_structure,9,SINGLE_NEGATIVE_DRIVER,16679,0.008762827831106856,True
calc_roic_effect_structure,9,ALL_NEGATIVE,209770,0.11020914887770762,True
calc_roic_effect_structure,9,MIXED_NET_INCREASE,377453,0.19830659232176848,True
calc_roic_effect_structure,9,MIXED_NET_DECREASE,294382,0.1546626765739492,True
calc_roic_effect_structure,9,MIXED_FULL_OFFSET,5132,0.002696254717263648,True
calc_roic_effect_structure,9,UNCLASSIFIED,877115,0.4608194575862636,True
calc_roic_dominant_driver,6,EBIT,714278,0.37526800992549575,True
calc_roic_dominant_driver,6,TAX,129809,0.06819916769159722,True
calc_roic_dominant_driver,6,IC,138758,0.07290080125839231,True
calc_roic_dominant_driver,6,BALANCED,42576,0.0223686166878833,True
calc_roic_dominant_driver,6,NONE,845,0.00044394685036784544,True
calc_roic_dominant_driver,6,UNCLASSIFIED,877115,0.4608194575862636,True
calc_roic_dominant_driver_effect,4,POSITIVE,487085,0.2559051498360024,True
calc_roic_dominant_driver_effect,4,NEGATIVE,495760,0.2604628290394829,True
calc_roic_dominant_driver_effect,4,NEUTRAL,845,0.00044394685036784544,True
calc_roic_dominant_driver_effect,4,UNCLASSIFIED,919691,0.4831880742741469,True
calc_ebit_sign_regime,10,PROFIT_TO_PROFIT,848272,0.44566589663341183,True
calc_ebit_sign_regime,10,PROFIT_TO_LOSS,80594,0.042342547288220275,True
calc_ebit_sign_regime,10,PROFIT_TO_ZERO,412,0.00021645692585982524,True
calc_ebit_sign_regime,10,LOSS_TO_PROFIT,78848,0.041425232257756066,True
calc_ebit_sign_regime,10,LOSS_TO_LOSS,356196,0.18713857078535512,True
calc_ebit_sign_regime,10,LOSS_TO_ZERO,1049,0.0005511245515217395,True
calc_ebit_sign_regime,10,ZERO_TO_PROFIT,437,0.00022959144806005734,True
calc_ebit_sign_regime,10,ZERO_TO_LOSS,1334,0.0007008581046043855,True
calc_ebit_sign_regime,10,ZERO_TO_ZERO,2225,0.0011689724758206582,True
calc_ebit_sign_regime,10,UNCLASSIFIED,534014,0.2805607495293901,True
calc_nopat_sign_regime,10,PROFIT_TO_PROFIT,826019,0.4339745957325412,True
calc_nopat_sign_regime,10,PROFIT_TO_LOSS,89319,0.04692649553610129,True
calc_nopat_sign_regime,10,PROFIT_TO_ZERO,484,0.0002542843497964937,True
calc_nopat_sign_regime,10,LOSS_TO_PROFIT,87674,0.04606224397532601,True
calc_nopat_sign_regime,10,LOSS_TO_LOSS,355844,0.18695363671277584,True
calc_nopat_sign_regime,10,LOSS_TO_ZERO,552,0.00029001025018112505,True
calc_nopat_sign_regime,10,ZERO_TO_PROFIT,469,0.00024640363647635444,True
calc_nopat_sign_regime,10,ZERO_TO_LOSS,627,0.0003294138167818214,True
calc_nopat_sign_regime,10,ZERO_TO_ZERO,514,0.00027004577643677225,True
calc_nopat_sign_regime,10,UNCLASSIFIED,541879,0.2846928702135831,True
calc_tax_rate_quality_flag,4,VALID,1360867,0.714973512922531,True
calc_tax_rate_quality_flag,4,MISSING,371371,0.195111225760896,True
calc_tax_rate_quality_flag,4,NEGATIVE_TAX_RATE,149251,0.07841362291627373,True
calc_tax_rate_quality_flag,4,ABOVE_100_PERCENT,21892,0.011501638400299257,True
calc_roic_quality_flag,4,VALID,763586,0.40117349075145753,True
calc_roic_quality_flag,4,NEGATIVE_IC_MECHANICAL_ONLY,75596,0.03971669360994987,True
calc_roic_quality_flag,4,TAX_RATE_OUT_OF_RANGE,187084,0.09829035805232898,True
calc_roic_quality_flag,4,UNCLASSIFIED,877115,0.4608194575862636,True
