column,n_inf,n_nan,n_exact_zero
calc_tax_expense_quarterly,0,362485,369516
pretax_income,0,366670,3884
calc_raw_tax_rate_quarterly,0,371371,365466
ebit,0,443618,4342
calc_nopat_quarterly,0,450279,1778
calc_nopat_change_quarterly,0,541879,2116
calc_nopat_ebit_contribution,0,541879,3138
calc_nopat_tax_contribution,0,541879,162754
calc_nopat_decomposition_residual,0,541879,618547
total_current_assets,0,740150,6055
total_current_liabilities,0,731417,2252
goodwill,0,1232193,325001
net_ppe,0,530703,61316
calc_ic_raw,0,742783,798
calc_average_ic_raw_quarterly,0,816221,447
calc_roic_pretax_quarterly_ic_raw,0,832247,2776
calc_roic_pretax_annualized_ic_raw,0,849411,2776
calc_roic_posttax_quarterly_ic_raw,0,835047,1354
calc_roic_posttax_annualized_ic_raw,0,852263,1354
calc_roic_posttax_change_quarterly,0,877115,361
calc_roic_ebit_contribution,0,877115,356
calc_roic_tax_contribution,0,877115,412
calc_roic_ic_contribution,0,877115,342
calc_roic_decomposition_residual,0,877115,275835
calc_roic_total_absolute_contribution,0,877115,342
calc_roic_ebit_absolute_share,0,877960,12
calc_roic_tax_absolute_share,0,877960,70
calc_roic_ic_absolute_share,0,877960,0
calc_roic_offset_ratio,0,877960,209055
short_term_debt,0,557785,261824
long_term_debt,0,480621,275846
calc_debt_value_quarterly,0,475324,171160
equity,0,502130,854
calc_debt_to_equity_quarterly,0,514462,168692
market_cap,0,1433659,7
free_cash_flow,0,1903381,0
calc_free_cash_flow_ttm,0,1903381,0
calc_ev_to_fcf_quarterly,0,1903381,0
