column,level,rows,share
calc_nopat_decomposition_status,VALID,1361502,0.7153071297864169
calc_nopat_decomposition_status,UNCLASSIFIED_MISSING_DATA,497780,0.26152409843326163
calc_nopat_decomposition_status,UNCLASSIFIED_NONCONSECUTIVE,44099,0.023168771780321437
calc_roic_decomposition_status,VALID,1026266,0.5391805424137364
calc_roic_decomposition_status,UNCLASSIFIED_MISSING_DATA,832798,0.43753615277235614
calc_roic_decomposition_status,UNCLASSIFIED_NONCONSECUTIVE,44099,0.023168771780321437
calc_roic_decomposition_status,UNCLASSIFIED_ZERO_IC,218,0.00011453303358602403
calc_tax_rate_quality_flag,VALID,1360867,0.714973512922531
calc_tax_rate_quality_flag,MISSING,371371,0.195111225760896
calc_tax_rate_quality_flag,NEGATIVE_TAX_RATE,149251,0.07841362291627373
calc_tax_rate_quality_flag,ABOVE_100_PERCENT,21892,0.011501638400299257
calc_roic_quality_flag,UNCLASSIFIED,877115,0.4608194575862636
calc_roic_quality_flag,VALID,763586,0.40117349075145753
calc_roic_quality_flag,TAX_RATE_OUT_OF_RANGE,187084,0.09829035805232898
calc_roic_quality_flag,NEGATIVE_IC_MECHANICAL_ONLY,75596,0.03971669360994987
calc_roic_effect_structure,UNCLASSIFIED,877115,0.4608194575862636
calc_roic_effect_structure,MIXED_NET_INCREASE,377453,0.19830659232176848
calc_roic_effect_structure,MIXED_NET_DECREASE,294382,0.1546626765739492
calc_roic_effect_structure,ALL_NEGATIVE,209770,0.11020914887770762
calc_roic_effect_structure,ALL_POSITIVE,104771,0.05504468101762075
calc_roic_effect_structure,SINGLE_POSITIVE_DRIVER,17234,0.00905441422395201
calc_roic_effect_structure,SINGLE_NEGATIVE_DRIVER,16679,0.008762827831106856
calc_roic_effect_structure,MIXED_FULL_OFFSET,5132,0.002696254717263648
calc_roic_effect_structure,NO_MATERIAL_CHANGE,845,0.00044394685036784544
calc_roic_dominant_driver,UNCLASSIFIED,877115,0.4608194575862636
calc_roic_dominant_driver,EBIT,714278,0.37526800992549575
calc_roic_dominant_driver,IC,138758,0.07290080125839231
calc_roic_dominant_driver,TAX,129809,0.06819916769159722
calc_roic_dominant_driver,BALANCED,42576,0.0223686166878833
calc_roic_dominant_driver,NONE,845,0.00044394685036784544
calc_roic_dominant_driver_effect,UNCLASSIFIED,919691,0.4831880742741469
calc_roic_dominant_driver_effect,NEGATIVE,495760,0.2604628290394829
calc_roic_dominant_driver_effect,POSITIVE,487085,0.2559051498360024
calc_roic_dominant_driver_effect,NEUTRAL,845,0.00044394685036784544
