measure,rows,denominator,share_of_denominator
tax expense present,1540896,1903381,0.8095573088099545
tax expense < 0 (benefit),208851,1540896,0.1355386736028908
tax expense == 0,369516,1540896,0.23980593109463585
tax expense > 0,962529,1540896,0.6246553953024734
tax rate defined,1532010,1903381,0.804888774239104
tax rate < 0,149251,1532010,0.09742168784799055
"tax rate in [0, 1]",1360867,1532010,0.888288588194594
tax rate > 1 (above 100%),21892,1532010,0.014289723957415422
"negative rate: benefit on a profit (tax<0, pretax>0)",45861,149251,0.3072743231201131
"negative rate: tax on a pretax loss (tax>0, pretax<0)",103390,149251,0.692725676879887
