ticker,start_quarter,end_quarter
A,2000Q2,
AA,2000Q1,2016Q4
AAL,2015Q1,2024Q3
AAP,2015Q3,2023Q3
AAPL,2000Q1,
ABBV,2012Q4,
ABK,2000Q4,2008Q2
ABMD,2018Q2,2022Q4
ABNB,2023Q3,
ABS,2000Q1,2006Q2
ABT,2000Q1,
ACAS,2000Q1,2009Q1
ACE,2000Q1,2016Q1
ACGL,2022Q4,
ACN,2011Q3,
ADBE,2000Q1,
ADCT,2000Q1,2007Q3
ADI,2000Q1,
ADM,2000Q1,
ADP,2000Q1,
ADS,2013Q4,2020Q2
ADSK,2000Q1,
ADT,2012Q4,2016Q2
AEE,2000Q1,
AEP,2000Q1,
AES,2000Q1,
AET,2000Q1,2018Q4
AFL,2000Q1,
AGN,2000Q1,2020Q2
AIG,2000Q1,
AIV,2000Q1,2020Q4
AIZ,2007Q2,
AJG,2016Q2,
AKAM,2007Q3,
AKS,2008Q3,2011Q4
ALB,2016Q3,
ALGN,2017Q2,
ALK,2016Q2,2023Q4
ALL,2000Q1,
ALLE,2013Q4,
ALTR,2000Q1,2015Q4
ALXN,2012Q2,2021Q3
AMAT,2000Q1,
AMCR,2019Q2,
AMD,2000Q1,2013Q3
AMD,2017Q1,
AME,2013Q3,
AMG,2014Q3,2019Q4
AMGN,2000Q1,
AMP,2005Q4,
AMT,2007Q4,
AMTM,2024Q3,2024Q4
AMZN,2005Q4,
AN,2000Q1,2017Q3
ANDV,2000Q1,2018Q4
ANET,2018Q3,
ANF,2000Q1,2013Q4
ANR,2011Q2,2012Q4
ANSS,2017Q2,2025Q3
AON,2000Q1,
AOS,2017Q3,
APA,2000Q1,
APC,2000Q1,2019Q3
APD,2000Q1,
APH,2008Q3,
APO,2024Q4,
APOL,2000Q1,2013Q3
APP,2025Q3,
APTV,2012Q4,
ARE,2017Q1,
ARES,2025Q4,
ARG,2009Q3,2016Q2
ARNC,2016Q4,2020Q2
ATI,2000Q1,2015Q3
ATO,2019Q1,
ATVI,2015Q3,2023Q4
AV,2000Q1,2007Q4
AVB,2007Q1,
AVGO,2014Q2,
AVP,2000Q1,2015Q1
AVY,2000Q1,
AWK,2016Q1,
AXON,2023Q2,
AXP,2000Q1,
AYE,2000Q4,2011Q1
AYI,2016Q2,2018Q2
AZO,2000Q1,
BA,2000Q1,
BAC,2000Q1,
BALL,2000Q1,
BAX,2000Q1,
BBBY,2000Q1,2017Q3
BBWI,2000Q1,2024Q4
BBY,2000Q1,
BC,2000Q1,2008Q2
BCR,2000Q1,2018Q1
BDX,2000Q1,
BEAM,2000Q1,2014Q2
BEN,2000Q1,
BF.B,2000Q1,
BG,2023Q1,
BHF,2017Q3,2019Q2
BHI,2000Q1,2017Q3
BIG,2000Q1,2013Q1
BIIB,2003Q4,
BIO,2020Q2,2024Q3
BJS,2000Q1,2010Q2
BKNG,2009Q4,
BKR,2017Q3,
BLDR,2023Q4,
BLK,2011Q2,
BMC,2000Q1,2013Q3
BMS,2000Q1,2014Q4
BMS,2019Q2,2019Q2
BMY,2000Q1,
BNY,2000Q1,
BR,2018Q2,
BRCM,2000Q1,2016Q1
BRK.B,2010Q1,
BRO,2021Q3,
BS,2000Q1,2000Q4
BSX,2000Q1,
BTU,2000Q1,2014Q3
BWA,2011Q4,2025Q1
BX,2023Q3,
BXLT,2015Q3,2016Q2
BXP,2006Q2,
C,2000Q1,
CA,2000Q1,2018Q4
CAG,2000Q1,2026Q2
CAH,2000Q1,
CAM,2000Q1,2016Q2
CARR,2020Q2,
CASY,2026Q2,
CAT,2000Q1,
CB,2010Q3,
CBE,2000Q1,2009Q3
CBE,2011Q4,2012Q4
CBOE,2017Q1,
CBRE,2006Q4,
CCE,2000Q1,2016Q2
CCI,2012Q1,
CCK,2000Q1,2000Q4
CCL,2000Q1,
CDAY,2021Q3,2024Q1
CDNS,2017Q3,
CDW,2019Q3,
CE,2018Q4,2025Q1
CEG,2000Q1,2012Q1
CEG,2022Q1,
CELG,2000Q1,2019Q4
CEPH,2000Q1,2011Q4
CERN,2010Q2,2022Q2
CF,2008Q3,
CFC,2000Q1,2008Q3
CFG,2016Q1,
CFN,2000Q1,2015Q1
CHD,2015Q4,
CHK,2000Q1,2018Q1
CHRW,2007Q1,
CHTR,2016Q3,
CI,2000Q1,
CIEN,2000Q1,2009Q4
CIEN,2026Q1,
CINF,2000Q1,
CL,2000Q1,
CLF,2009Q4,2014Q2
CLX,2000Q1,
CMA,2000Q1,2024Q2
CMCSA,2002Q4,
CMCSK,2015Q3,2015Q4
CME,2006Q3,
CMG,2011Q2,
CMI,2000Q1,
CMS,2000Q1,
CNC,2016Q1,
CNP,2000Q1,
CNX,2000Q1,2016Q1
COF,2000Q1,
COHR,2026Q1,
COIN,2025Q2,
COL,2000Q1,2018Q4
COO,2016Q3,
COP,2000Q1,
COR,2001Q3,
COST,2000Q1,
COTY,2016Q3,2020Q3
COV,2000Q1,2009Q2
COV,2011Q1,2015Q1
CPAY,2018Q2,
CPB,2000Q1,2026Q2
CPGX,2015Q3,2016Q3
CPRI,2000Q1,2020Q2
CPRT,2018Q3,
CPT,2022Q2,
CPWR,2000Q1,2011Q4
CRH,2025Q4,
CRL,2021Q2,
CRM,2008Q3,
CRWD,2024Q2,
CSC,2000Q1,2015Q4
CSCO,2000Q1,
CSGP,2022Q3,
CSRA,2015Q4,2018Q2
CSX,2000Q1,
CTAS,2001Q1,
CTLT,2020Q3,2024Q4
CTRA,2000Q1,2026Q2
CTSH,2006Q4,
CTVA,2019Q2,
CTX,2000Q1,2009Q3
CTXS,2000Q1,2022Q4
CVC,2010Q4,2016Q2
CVG,2000Q2,2009Q4
CVH,2000Q1,2013Q2
CVNA,2025Q4,
CVS,2000Q1,
CVX,2000Q1,
CXO,2016Q1,2021Q1
CZR,2021Q1,2025Q3
D,2016Q4,
DAL,2013Q3,
DASH,2025Q1,
DAY,2024Q1,2026Q1
DD,2000Q1,2017Q3
DD,2019Q2,
DDOG,2025Q3,
DE,2000Q1,
DECK,2024Q1,
DELL,2000Q1,2013Q4
DELL,2024Q3,
DF,2000Q1,2013Q2
DFS,2007Q3,2025Q2
DG,2012Q4,
DGX,2002Q4,
DHI,2005Q2,
DHR,2000Q1,
DIS,2000Q1,
DISCA,2000Q1,2022Q2
DISCK,2014Q3,2022Q2
DISH,2017Q1,2023Q2
DJ,2000Q1,2007Q4
DLR,2016Q2,
DLTR,2011Q4,
DNB,2000Q1,2017Q2
DNR,2000Q1,2015Q1
DO,2000Q1,2016Q3
DOC,2008Q1,
DOV,2000Q1,
DOW,2000Q1,2017Q3
DOW,2019Q2,
DPS,2000Q1,2018Q3
DPZ,2020Q2,
DRE,2017Q3,2022Q4
DRI,2000Q1,
DTE,2000Q1,
DTV,2000Q1,2015Q3
DUK,2000Q1,
DV,2000Q1,2012Q4
DVA,2008Q3,
DVN,2000Q3,
DWDP,2017Q3,2019Q2
DXC,2017Q2,2023Q4
DXCM,2020Q2,
DYN,2000Q1,2009Q4
EA,2002Q3,
EBAY,2002Q3,
ECHO,2026Q1,
ECL,2000Q1,
ED,2000Q1,
EFX,2000Q1,
EG,2017Q2,
EIX,2000Q1,
EK,2000Q1,2010Q4
EL,2006Q1,
ELV,2002Q3,
EMC,2000Q1,2016Q3
EME,2025Q3,
EMN,2000Q1,2025Q4
EMR,2000Q1,
ENDP,2015Q1,2017Q1
ENPH,2021Q1,2025Q3
EOG,2000Q4,
EP,2000Q1,2012Q2
EPAM,2021Q4,2026Q2
EQIX,2015Q1,
EQR,2001Q4,
EQT,2000Q1,2018Q4
EQT,2022Q4,
ERIE,2024Q3,
ES,2009Q3,
ESRX,2003Q3,2018Q4
ESS,2014Q2,
ESV,2012Q3,2016Q1
ETFC,2000Q1,2020Q4
ETN,2000Q1,
ETR,2000Q1,
ETSY,2020Q3,2024Q3
EVHC,2016Q4,2018Q4
EVRG,2018Q2,
EW,2011Q1,
EXC,2000Q1,
EXE,2025Q1,
EXPD,2007Q4,
EXPE,2007Q4,
EXR,2016Q1,
F,2000Q1,
FANG,2018Q4,
FAST,2008Q3,
FBHS,2016Q2,2022Q4
FCX,2011Q3,
FDC,2000Q1,2007Q3
FDO,2000Q1,2015Q3
FDS,2021Q4,
FDX,2000Q1,
FDXF,2026Q2,
FE,2000Q1,
FFIV,2010Q4,
FHN,2000Q1,2013Q2
FICO,2023Q1,
FII,2000Q1,2013Q1
FIS,2006Q4,
FISV,2001Q2,
FITB,2000Q1,
FIX,2025Q4,
FL,2016Q2,2019Q3
FLEX,2026Q2,
FLIR,2000Q1,2021Q2
FLR,2000Q1,2019Q2
FLS,2000Q1,2021Q1
FLT,2018Q2,2024Q1
FMC,2009Q3,2025Q1
FNM,2000Q1,2008Q3
FOSL,2012Q2,2016Q1
FOX,2019Q1,
FOXA,2019Q1,
FRC,2019Q1,2023Q2
FRE,2000Q1,2008Q3
FRT,2016Q1,
FRX,2000Q1,2014Q3
FSLR,2000Q1,2017Q1
FSLR,2022Q4,
FTI,2009Q2,2021Q1
FTNT,2018Q4,
FTR,2000Q1,2017Q1
FTV,2016Q3,
GAS,2000Q1,2016Q3
GD,2000Q1,
GDDY,2024Q2,
GE,2000Q1,
GEHC,2023Q1,
GEN,2003Q1,
GENZ,2000Q1,2011Q2
GEV,2024Q2,
GGP,2013Q4,2018Q3
GHC,2000Q1,2014Q3
GILD,2004Q3,
GIS,2000Q1,
GL,2000Q1,
GLK,2000Q1,2005Q3
GLW,2000Q1,
GM,2013Q2,
GMCR,2014Q1,2016Q1
GME,2007Q4,2016Q2
GNRC,2021Q1,
GNW,2000Q1,2015Q4
GOOG,2014Q2,
GOOGL,2006Q2,
GPC,2000Q1,
GPN,2016Q2,
GPS,2000Q1,2022Q1
GR,2000Q1,2012Q3
GRA,2000Q1,2000Q4
GRMN,2012Q4,
GS,2002Q3,
GT,2000Q1,2019Q1
GWW,2000Q1,
HAL,2000Q1,
HAR,2000Q1,2017Q1
HAS,2000Q1,
HBAN,2000Q1,
HBI,2015Q1,2021Q4
HCA,2015Q1,
HCBK,2000Q1,2015Q4
HD,2000Q1,
HES,2000Q1,2025Q3
HFC,2018Q2,2021Q2
HIG,2000Q1,
HII,2018Q1,
HLT,2017Q2,
HNZ,2000Q1,2013Q2
HOG,2000Q1,2020Q2
HOLX,2016Q1,2026Q2
HON,2000Q1,
HONA,2026Q2,
HOOD,2025Q3,
HOT,2000Q1,2016Q3
HP,2010Q1,2020Q2
HPE,2015Q4,
HPQ,2000Q1,
HRB,2000Q1,2020Q3
HRL,2009Q1,
HSIC,2015Q1,
HSP,2000Q1,2015Q3
HST,2007Q1,
HSY,2000Q1,
HUBB,2023Q4,
HUM,2012Q4,
HWM,2016Q4,
IBKR,2025Q3,
IBM,2000Q1,
ICE,2007Q3,
IDXX,2017Q1,
IEX,2019Q3,
IFF,2000Q1,
IGT,2000Q1,2014Q2
ILMN,2015Q4,2024Q2
INCY,2017Q1,
INFO,2017Q2,2022Q1
INTC,2000Q1,
INTU,2000Q4,
INVH,2022Q3,
IP,2000Q1,
IPG,2000Q1,2025Q4
IPGP,2018Q1,2022Q2
IQV,2017Q3,
IR,2010Q4,
IRM,2009Q1,
ISRG,2008Q2,
IT,2017Q2,
ITT,2000Q1,2011Q4
ITW,2000Q1,
IVZ,2008Q3,
J,2007Q4,
JBHT,2015Q3,
JBL,2000Q1,2014Q4
JBL,2023Q4,
JCI,2010Q3,
JCP,2000Q1,2013Q4
JDSU,2000Q3,2013Q4
JEF,2000Q1,2019Q3
JKHY,2018Q4,
JNJ,2000Q1,
JNPR,2006Q2,2025Q3
JNS,2000Q1,2011Q4
JNY,2000Q1,2009Q1
JOY,2000Q1,2015Q4
JPM,2000Q1,
JWN,2000Q1,2020Q2
K,2000Q1,2025Q4
KBH,2000Q1,2009Q4
KDP,2022Q2,
KEY,2000Q1,
KEYS,2018Q4,
KFT,2007Q1,2012Q4
KG,2000Q1,2010Q4
KHC,2015Q3,
KIM,2006Q2,
KKR,2024Q2,
KLAC,2000Q1,
KMB,2000Q1,
KMI,2012Q2,
KMX,2010Q2,2025Q4
KO,2000Q1,
KR,2000Q1,
KRFT,2012Q4,2015Q3
KSE,2000Q1,2007Q3
KSS,2000Q1,2020Q3
KSU,2013Q2,2021Q4
KVUE,2023Q3,
L,2000Q1,
LDOS,2019Q3,
LEG,2000Q1,2021Q4
LEH,2000Q1,2008Q3
LEN,2005Q4,
LH,2004Q4,
LHX,2008Q3,
LIFE,2000Q1,2014Q1
LII,2024Q4,
LIN,2000Q1,
LITE,2026Q1,
LKQ,2016Q2,2025Q4
LLL,2000Q1,2019Q3
LLTC,2000Q1,2017Q1
LLY,2000Q1,
LM,2000Q1,2016Q4
LMT,2000Q1,
LNC,2000Q1,2023Q3
LNT,2016Q3,
LO,2008Q2,2015Q2
LOW,2000Q1,
LRCX,2012Q2,
LSI,2000Q1,2014Q2
LULU,2023Q4,
LUMN,2000Q1,2023Q1
LUV,2000Q1,
LVLT,2014Q4,2017Q4
LVS,2019Q4,
LW,2018Q4,2026Q1
LXK,2000Q1,2012Q4
LYB,2012Q3,
LYV,2019Q4,
M,2000Q1,2020Q2
MA,2008Q3,
MAA,2016Q4,
MAC,2013Q2,2019Q4
MAR,2000Q1,
MAS,2000Q1,
MAT,2000Q1,2019Q2
MBC,2022Q4,2022Q4
MBI,2000Q1,2009Q4
MCD,2000Q1,
MCHP,2007Q3,
MCK,2000Q1,
MCO,2000Q1,
MDLZ,2012Q4,
MDP,2000Q1,2011Q1
MDT,2000Q1,
MEE,2008Q2,2011Q2
MET,2000Q4,
META,2013Q4,
MFE,2000Q1,2011Q1
MGM,2017Q3,
MHK,2013Q4,2025Q4
MHS,2000Q1,2012Q2
MI,2000Q1,2011Q3
MIL,2000Q1,2010Q3
MJN,2009Q4,2017Q2
MKC,2003Q1,
MKTX,2019Q3,2025Q3
MLM,2014Q3,
MMI,2011Q1,2012Q2
MMM,2000Q1,
MNK,2014Q3,2017Q3
MNST,2012Q2,
MO,2000Q1,
MOH,2022Q1,2026Q1
MOLX,2000Q1,2013Q4
MON,2000Q1,2018Q2
MOS,2011Q3,
MPC,2011Q2,
MPWR,2021Q1,
MRK,2000Q1,
MRNA,2021Q3,
MRO,2000Q1,2024Q4
MRSH,2000Q1,
MRVL,2026Q2,
MS,2000Q1,
MSCI,2018Q2,
MSFT,2000Q1,
MSI,2000Q1,
MTB,2004Q1,
MTCH,2021Q3,2026Q1
MTD,2016Q3,
MU,2000Q1,
MUR,2000Q1,2017Q3
MWW,2000Q1,2011Q4
MXIM,2000Q1,2007Q3
MXIM,2018Q4,2021Q3
NAVI,2014Q2,2018Q2
NBL,2000Q1,2020Q4
NBR,2000Q1,2015Q1
NCLH,2017Q4,
NCR,2000Q1,2007Q4
NDAQ,2008Q4,
NDSN,2022Q1,
NE,2000Q1,2015Q3
NEE,2000Q1,
NEM,2000Q1,
NFLX,2010Q4,
NFX,2010Q4,2019Q1
NI,2000Q4,
NKE,2000Q1,
NKTR,2018Q1,2019Q4
NLSN,2013Q3,2022Q4
NOC,2000Q1,
NOV,2000Q1,2021Q3
NOVL,2000Q1,2011Q2
NOW,2019Q4,
NRG,2010Q1,
NSC,2000Q1,
NSM,2000Q1,2011Q3
NTAP,2000Q1,
NTRS,2000Q1,
NUE,2000Q1,
NVDA,2001Q4,
NVLS,2000Q1,2012Q2
NVR,2019Q3,
NWL,2000Q1,2023Q3
NWS,2015Q3,
NWSA,2013Q3,
NXPI,2021Q1,
NYT,2000Q1,2010Q4
NYX,2000Q1,2013Q4
O,2015Q2,
ODFL,2019Q4,
ODP,2000Q1,2010Q4
OGN,2021Q2,2023Q4
OI,2000Q1,2000Q4
OI,2008Q4,2016Q4
OKE,2010Q1,
OMC,2000Q1,
OMX,2000Q1,2008Q2
ON,2022Q2,
ORCL,2000Q1,
ORLY,2009Q1,
OTIS,2020Q2,
OXY,2000Q1,
PANW,2023Q2,
PAYC,2020Q1,2026Q1
PAYX,2000Q1,
PBCT,2000Q1,2022Q2
PBI,2000Q1,2017Q1
PCAR,2000Q1,
PCG,2000Q1,2019Q1
PCG,2022Q4,
PCL,2000Q1,2016Q1
PCP,2000Q1,2016Q1
PCS,2009Q2,2013Q2
PDCO,2000Q1,2018Q1
PEG,2000Q1,
PENN,2021Q1,2022Q3
PEP,2000Q1,
PETM,2012Q4,2015Q1
PFE,2000Q1,
PFG,2002Q3,
PG,2000Q1,
PGN,2000Q1,2012Q3
PGR,2000Q1,
PH,2000Q1,
PHM,2000Q1,
PKG,2017Q3,
PLD,2003Q3,
PLL,2000Q1,2015Q3
PLTR,2024Q3,
PM,2008Q1,
PNC,2000Q1,
PNR,2012Q4,
PNW,2000Q1,
PODD,2023Q1,
POM,2000Q1,2016Q1
POOL,2020Q4,2026Q2
PPG,2000Q1,
PPL,2001Q4,
PRGO,2011Q4,2021Q3
PRU,2002Q3,
PSA,2005Q3,
PSKY,2000Q1,
PSX,2012Q2,
PTC,2021Q2,
PTV,2000Q1,2010Q4
PVH,2013Q1,2022Q3
PWR,2009Q3,
PXD,2000Q1,2024Q2
PYPL,2015Q3,
Q,2000Q1,2011Q1
Q,2017Q3,2017Q4
Q,2025Q4,
QCOM,2000Q1,
QEP,2010Q2,2015Q3
QRVO,2015Q2,2024Q4
QTRN,2000Q1,2003Q3
R,2000Q1,2017Q2
RAD,2000Q1,2000Q3
RAI,2000Q1,2017Q3
RCL,2014Q4,
RDC,2000Q1,2014Q3
RE,2017Q2,2023Q3
REG,2017Q1,
REGN,2013Q2,
RF,2000Q1,
RHI,2000Q1,2024Q2
RHT,2000Q1,2019Q3
RIG,2013Q4,2017Q3
RJF,2017Q1,
RL,2007Q1,
RMD,2017Q3,
ROK,2000Q1,
ROL,2018Q4,
ROP,2009Q4,
ROST,2009Q4,
RRC,2007Q4,2018Q2
RRD,2000Q1,2012Q4
RSG,2008Q4,
RSH,2000Q1,2011Q2
RTN,2000Q1,2020Q2
RTX,2000Q1,
RVTY,2000Q1,
RX,2000Q1,2010Q1
S,2000Q1,2013Q3
SAI,2009Q4,2013Q3
SBAC,2017Q3,
SBL,2000Q4,2007Q1
SBNY,2021Q4,2023Q1
SBUX,2000Q2,
SCG,2000Q1,2019Q1
SCHW,2000Q1,
SE,2000Q1,2017Q1
SEDG,2021Q4,2023Q4
SEE,2000Q1,2023Q4
SGP,2000Q1,2009Q4
SHLD,2000Q1,2012Q3
SHW,2000Q1,
SIAL,2000Q1,2015Q4
SIG,2015Q3,2018Q1
SII,2000Q1,2010Q3
SIVB,2018Q1,2023Q1
SJM,2008Q4,
SLB,2000Q1,
SLE,2000Q1,2012Q2
SLG,2015Q1,2021Q1
SLM,2000Q1,2014Q2
SLR,2000Q1,2007Q4
SMCI,2024Q1,
SMS,2000Q1,2000Q2
SNA,2000Q1,
SNDK,2000Q1,2016Q2
SNDK,2025Q4,
SNI,2000Q1,2018Q1
SNPS,2017Q1,
SO,2000Q1,
SOLS,2025Q4,2025Q4
SOLV,2024Q2,
SPG,2002Q2,
SPGI,2000Q1,
SPLS,2000Q1,2017Q3
SRCL,2000Q1,2018Q4
SRE,2017Q1,
STE,2019Q4,
STI,2000Q1,2019Q4
STJ,2000Q1,2017Q1
STLD,2022Q4,
STR,2000Q1,2010Q2
STT,2003Q1,
STX,2012Q3,
STZ,2005Q3,
SUN,2000Q1,2012Q4
SVU,2000Q1,2012Q2
SW,2024Q3,
SWK,2000Q1,
SWKS,2015Q1,
SWN,2000Q1,2017Q2
SWY,2000Q1,2015Q1
SYF,2015Q4,
SYK,2000Q4,
SYY,2000Q1,
T,2000Q1,
TAP,2000Q1,
TDC,2007Q4,2017Q2
TDG,2016Q2,
TDY,2020Q2,
TE,2000Q1,2016Q3
TECH,2021Q3,
TEG,2000Q1,2015Q3
TEL,2000Q1,2009Q2
TEL,2011Q4,
TER,2000Q1,2013Q4
TER,2020Q3,
TFC,2000Q1,
TFX,2019Q1,2025Q1
TGNA,2000Q1,2017Q2
TGT,2000Q1,
THC,2000Q1,2016Q2
TIE,2000Q1,2012Q4
TIF,2000Q1,2021Q1
TJX,2000Q1,
TKO,2025Q1,
TLAB,2000Q1,2011Q4
TMC,2000Q1,2000Q2
TMO,2004Q3,
TMUS,2019Q3,
TPL,2024Q4,
TPR,2004Q3,
TRB,2000Q1,2007Q4
TRGP,2022Q4,
TRIP,2011Q4,2019Q4
TRMB,2021Q1,
TROW,2019Q3,
TRV,2002Q3,
TSCO,2014Q1,
TSG,2000Q1,2007Q1
TSLA,2020Q4,
TSN,2005Q3,
TSS,2000Q1,2019Q3
TT,2010Q4,
TTD,2025Q3,
TTWO,2018Q1,
TWC,2000Q1,2016Q2
TWTR,2018Q2,2022Q4
TWX,2000Q1,2018Q2
TXN,2001Q1,
TXT,2000Q1,
TYC,2010Q3,2016Q3
TYL,2020Q2,
UA,2014Q2,2022Q2
UAA,2000Q1,2022Q2
UAL,2015Q3,
UBER,2023Q4,
UDR,2016Q1,
UHS,2014Q3,
ULTA,2016Q2,
UNH,2000Q1,
UNM,2000Q1,2021Q3
UNP,2000Q1,
UPS,2002Q3,
URBN,2000Q1,2017Q1
URI,2014Q3,
USB,2000Q1,
V,2009Q4,
VAR,2000Q1,2021Q2
VEEV,2026Q2,
VFC,2000Q1,2024Q2
VIAB,2000Q1,2019Q4
VICI,2022Q2,
VLO,2002Q4,
VLTO,2023Q4,
VMC,2000Q1,
VNO,2000Q1,2023Q1
VNT,2020Q4,2021Q1
VRSK,2015Q4,
VRSN,2006Q1,
VRT,2026Q1,
VRTX,2013Q3,
VST,2024Q2,
VTR,2009Q1,
VTRS,2004Q2,
VZ,2000Q1,
WAB,2019Q1,
WAT,2002Q1,
WB,2000Q1,2008Q4
WBA,2000Q1,2025Q3
WBD,2022Q2,
WCG,2018Q3,2020Q1
WDAY,2024Q4,
WDC,2009Q3,
WEC,2008Q4,
WELL,2009Q1,
WFC,2000Q1,
WFM,2000Q1,2017Q3
WFR,2000Q1,2011Q4
WHR,2000Q1,2024Q1
WIN,2000Q1,2015Q2
WLTW,2016Q1,2022Q1
WM,2000Q1,
WMB,2000Q1,
WMT,2000Q1,
WPX,2011Q4,2014Q1
WRB,2019Q4,
WSM,2025Q1,
WST,2020Q2,
WTW,2016Q1,
WU,2000Q1,2021Q4
WY,2000Q1,
WYN,2000Q1,2018Q2
WYNN,2008Q4,
X,2000Q1,2014Q3
XEC,2014Q2,2020Q1
XEL,2000Q1,
XL,2000Q1,2018Q3
XLNX,2000Q1,2022Q1
XOM,2000Q1,
XRAY,2000Q1,2024Q2
XRX,2000Q1,2021Q1
XTO,2000Q1,2010Q2
XYL,2011Q4,
XYZ,2025Q3,
YHOO,2000Q1,2017Q2
YUM,2000Q1,
ZBH,2001Q3,
ZBRA,2019Q4,
ZION,2000Q1,2024Q1
ZTS,2013Q2,
