symbol,period_key,formation_date,return_window_end,fiscal_period_end_date,fwd_return,fwd_return_window_unrealized,momentum_3q,Future_Quarterly_Return,Momentum_3Q
QQQ,1999Q1,1999-05-31,1999-08-31,1999-05-31,0.147147418,False,,0.147147418,0.0
QQQ,1999Q2,1999-08-31,1999-11-30,1999-08-31,0.23141331,False,,0.23141331,0.0
QQQ,1999Q3,1999-11-30,2000-02-29,1999-11-30,0.452381683,False,,0.452381683,0.0
QQQ,1999Q4,2000-02-29,2000-05-31,2000-02-29,-0.221311882,False,1.051652663,-0.221311882,1.051652663
QQQ,2000Q1,2000-05-31,2000-08-31,2000-05-31,0.222556833,False,0.392669788,0.222556833,0.392669788
QQQ,2000Q2,2000-08-31,2000-11-30,2000-08-31,-0.380227586,False,0.382653534,-0.380227586,0.382653534
QQQ,2000Q3,2000-11-30,2001-02-28,2000-11-30,-0.246638474,False,-0.409982562,-0.246638474,-0.409982562
QQQ,2000Q4,2001-02-28,2001-05-31,2001-02-28,-0.057323538,False,-0.429172698,-0.057323538,-0.429172698
QQQ,2001Q1,2001-05-31,2001-08-31,2001-05-31,-0.181086602,False,-0.559852396,-0.181086602,-0.559852396
QQQ,2001Q2,2001-08-31,2001-11-30,2001-08-31,0.082446327,False,-0.418427213,0.082446327,-0.418427213
QQQ,2001Q3,2001-11-30,2002-02-28,2001-11-30,-0.148045656,False,-0.164383492,-0.148045656,-0.164383492
QQQ,2001Q4,2002-02-28,2002-05-31,2002-02-28,-0.110716199,False,-0.244802281,-0.110716199,-0.244802281
QQQ,2002Q1,2002-05-31,2002-08-31,2002-05-31,-0.218042529,False,-0.179907058,-0.218042529,-0.179907058
QQQ,2002Q2,2002-08-31,2002-11-30,2002-08-31,0.180076099,False,-0.407566189,0.180076099,-0.407566189
QQQ,2002Q3,2002-11-30,2003-02-28,2002-11-30,-0.092351731,False,-0.17939619,-0.092351731,-0.17939619
QQQ,2002Q4,2003-02-28,2003-05-31,2003-02-28,0.184022094,False,-0.162450022,0.184022094,-0.162450022
QQQ,2003Q1,2003-05-31,2003-08-31,2003-05-31,0.120845652,False,0.268198995,0.120845652,0.268198995
QQQ,2003Q2,2003-08-31,2003-11-30,2003-08-31,0.059598959,False,0.204545479,0.059598959,0.204545479
QQQ,2003Q3,2003-11-30,2004-02-29,2003-11-30,0.034039334,False,0.406200153,0.034039334,0.406200153
QQQ,2003Q4,2004-02-29,2004-05-31,2004-02-29,-0.000547817,False,0.228073595,-0.000547817,0.228073595
QQQ,2004Q1,2004-05-31,2004-08-31,2004-05-31,-0.069219712,False,0.095066777,-0.069219712,0.095066777
QQQ,2004Q2,2004-08-31,2004-11-30,2004-08-31,0.149911033,False,-0.038063825,0.149911033,-0.038063825
QQQ,2004Q3,2004-11-30,2005-02-28,2004-11-30,-0.039455349,False,0.069728186,-0.039455349,0.069728186
QQQ,2004Q4,2005-02-28,2005-05-31,2005-02-28,0.023105937,False,0.028084889,0.023105937,0.028084889
QQQ,2005Q1,2005-05-31,2005-08-31,2005-05-31,0.024580593,False,0.130062344,0.024580593,0.130062344
QQQ,2005Q2,2005-08-31,2005-11-30,2005-08-31,0.057978359,False,0.006895241,0.057978359,0.006895241
QQQ,2005Q3,2005-11-30,2006-02-28,2005-11-30,-0.000991104,False,0.109030563,-0.000991104,0.109030563
QQQ,2005Q4,2006-02-28,2006-05-31,2006-02-28,-0.054811644,False,0.082909753,-0.054811644,0.082909753
QQQ,2006Q1,2006-05-31,2006-08-31,2006-05-31,0.00196204,False,-0.001002267,0.00196204,-0.001002267
QQQ,2006Q2,2006-08-31,2006-11-30,2006-08-31,0.133659612,False,-0.053895765,0.133659612,-0.053895765
QQQ,2006Q3,2006-11-30,2007-02-28,2006-11-30,-0.014922662,False,0.073624233,-0.014922662,0.073624233
QQQ,2006Q4,2007-02-28,2007-05-31,2007-02-28,0.0948503,False,0.118933486,0.0948503,0.118933486
QQQ,2007Q1,2007-05-31,2007-08-31,2007-05-31,0.031600736,False,0.222665743,0.031600736,0.222665743
QQQ,2007Q2,2007-08-31,2007-11-30,2007-08-31,0.050474055,False,0.112593999,0.050474055,0.112593999
QQQ,2007Q3,2007-11-30,2008-02-29,2007-11-30,-0.162058476,False,0.186456215,-0.162058476,0.186456215
QQQ,2007Q4,2008-02-29,2008-05-31,2008-02-29,0.165287311,False,-0.091948069,0.165287311,-0.091948069
QQQ,2008Q1,2008-05-31,2008-08-31,2008-05-31,-0.077141618,False,0.025727644,-0.077141618,0.025727644
QQQ,2008Q2,2008-08-31,2008-11-30,2008-08-31,-0.368177549,False,-0.098881739,-0.368177549,-0.098881739
QQQ,2008Q3,2008-11-30,2009-02-28,2008-11-30,-0.053229126,False,-0.320541193,-0.053229126,-0.320541193
QQQ,2008Q4,2009-02-28,2009-05-31,2009-02-28,0.287268255,False,-0.447954335,0.287268255,-0.447954335
QQQ,2009Q1,2009-05-31,2009-08-31,2009-05-31,0.132821831,False,-0.229967594,0.132821831,-0.229967594
QQQ,2009Q2,2009-08-31,2009-11-30,2009-08-31,0.089236764,False,0.380624444,0.089236764,0.380624444
QQQ,2009Q3,2009-11-30,2010-02-28,2009-11-30,0.029262913,False,0.5883747,0.029262913,0.5883747
QQQ,2009Q4,2010-02-28,2010-05-31,2010-02-28,0.01985421,False,0.270019021,0.01985421,0.270019021
QQQ,2010Q1,2010-05-31,2010-08-31,2010-05-31,-0.043245617,False,0.143369778,-0.043245617,0.143369778
QQQ,2010Q2,2010-08-31,2010-11-30,2010-08-31,0.201380076,False,0.004303271,0.201380076,0.004303271
QQQ,2010Q3,2010-11-30,2011-02-28,2010-11-30,0.111240806,False,0.172246591,0.111240806,0.172246591
QQQ,2010Q4,2011-02-28,2011-05-31,2011-02-28,0.011638034,False,0.277288689,0.011638034,0.277288689
QQQ,2011Q1,2011-05-31,2011-08-31,2011-05-31,-0.054429788,False,0.350559603,-0.054429788,0.350559603
QQQ,2011Q2,2011-08-31,2011-11-30,2011-08-31,0.026054805,False,0.062984942,0.026054805,0.062984942
QQQ,2011Q3,2011-11-30,2012-02-29,2011-11-30,0.14659531,False,-0.018501839,0.14659531,-0.018501839
QQQ,2011Q4,2012-02-29,2012-05-31,2012-02-29,-0.034849498,False,0.112434636,-0.034849498,0.112434636
QQQ,2012Q1,2012-05-31,2012-08-31,2012-05-31,0.100816393,False,0.135470252,0.100816393,0.135470252
QQQ,2012Q2,2012-08-31,2012-11-30,2012-08-31,-0.031871455,False,0.218204194,-0.031871455,0.218204194
QQQ,2012Q3,2012-11-30,2013-02-28,2012-11-30,0.025436557,False,0.028591556,0.025436557,0.028591556
QQQ,2012Q4,2013-02-28,2013-05-31,2013-02-28,0.094180879,False,0.09284032,0.094180879,0.09284032
QQQ,2013Q1,2013-05-31,2013-08-31,2013-05-31,0.033566893,False,0.086252884,0.033566893,0.086252884
QQQ,2013Q2,2013-08-31,2013-11-30,2013-08-31,0.139358387,False,0.159675566,0.139358387,0.159675566
QQQ,2013Q3,2013-11-30,2014-02-28,2013-11-30,0.061509038,False,0.288510803,0.061509038,0.288510803
QQQ,2013Q4,2014-02-28,2014-05-31,2014-02-28,0.013048958,False,0.250036342,0.013048958,0.250036342
QQQ,2014Q1,2014-05-31,2014-08-31,2014-05-31,0.095696902,False,0.225221146,0.095696902,0.225221146
QQQ,2014Q2,2014-08-31,2014-11-30,2014-08-31,0.064965122,False,0.178269305,0.064965122,0.178269305
QQQ,2014Q3,2014-11-30,2015-02-28,2014-11-30,0.026354736,False,0.18210554,0.026354736,0.18210554
QQQ,2014Q4,2015-02-28,2015-05-31,2015-02-28,0.017556309,False,0.197631772,0.017556309,0.197631772
QQQ,2015Q1,2015-05-31,2015-08-31,2015-05-31,-0.04997787,False,0.112221605,-0.04997787,0.112221605
QQQ,2015Q2,2015-08-31,2015-11-30,2015-08-31,0.095747053,False,-0.007821838,0.095747053,-0.007821838
QQQ,2015Q3,2015-11-30,2016-02-29,2015-11-30,-0.098288989,False,0.059259785,-0.098288989,0.059259785
QQQ,2015Q4,2016-02-29,2016-05-31,2016-02-29,0.079680826,False,-0.061333311,0.079680826,-0.061333311
QQQ,2016Q1,2016-05-31,2016-08-31,2016-05-31,0.058094268,False,0.066775598,0.058094268,0.066775598
QQQ,2016Q2,2016-08-31,2016-11-30,2016-08-31,0.011631879,False,0.030118349,0.011631879,0.030118349
QQQ,2016Q3,2016-11-30,2017-02-28,2016-11-30,0.10982552,False,0.155692399,0.10982552,0.155692399
QQQ,2016Q4,2017-02-28,2017-05-31,2017-02-28,0.088939194,False,0.187959337,0.088939194,0.187959337
QQQ,2017Q1,2017-05-31,2017-08-31,2017-05-31,0.037570173,False,0.222590011,0.037570173,0.222590011
QQQ,2017Q2,2017-08-31,2017-11-30,2017-08-31,0.063540402,False,0.253937283,0.063540402,0.253937283
QQQ,2017Q3,2017-11-30,2018-02-28,2017-11-30,0.079984852,False,0.201642004,0.079984852,0.201642004
QQQ,2017Q4,2018-02-28,2018-05-31,2018-02-28,0.018754399,False,0.191760908,0.018754399,0.191760908
QQQ,2018Q1,2018-05-31,2018-08-31,2018-05-31,0.099838124,False,0.170148968,0.099838124,0.170148968
QQQ,2018Q2,2018-08-31,2018-11-30,2018-08-31,-0.090946729,False,0.210085149,-0.090946729,0.210085149
QQQ,2018Q3,2018-11-30,2019-02-28,2018-11-30,0.025479553,False,0.018562307,0.025479553,0.018562307
QQQ,2018Q4,2019-02-28,2019-05-31,2019-02-28,0.006216256,False,0.025286193,0.006216256,0.025286193
QQQ,2019Q1,2019-05-31,2019-08-31,2019-05-31,0.080106481,False,-0.061989568,0.080106481,-0.061989568
QQQ,2019Q2,2019-08-31,2019-11-30,2019-08-31,0.096248057,False,0.114512405,0.096248057,0.114512405
QQQ,2019Q3,2019-11-30,2020-02-29,2019-11-30,0.005588482,False,0.191425081,0.005588482,0.191425081
QQQ,2019Q4,2020-02-29,2020-05-31,2020-02-29,0.13633265,False,0.190681756,0.13633265,0.190681756
QQQ,2020Q1,2020-05-31,2020-08-31,2020-05-31,0.265824837,False,0.252664045,0.265824837,0.252664045
QQQ,2020Q2,2020-08-31,2020-11-30,2020-08-31,0.016074001,False,0.446436553,0.016074001,0.446436553
QQQ,2020Q3,2020-11-30,2021-02-28,2020-11-30,0.050361663,False,0.461518904,0.050361663,0.461518904
QQQ,2020Q4,2021-02-28,2021-05-31,2021-02-28,0.064340237,False,0.350945454,0.064340237,0.350945454
QQQ,2021Q1,2021-05-31,2021-08-31,2021-05-31,0.139132892,False,0.135911986,0.139132892,0.135911986
QQQ,2021Q2,2021-08-31,2021-11-30,2021-08-31,0.037654147,False,0.27348471,0.037654147,0.27348471
QQQ,2021Q3,2021-11-30,2022-02-28,2021-11-30,-0.118269996,False,0.2580778,-0.118269996,0.2580778
QQQ,2021Q4,2022-02-28,2022-05-31,2022-02-28,-0.109973728,False,0.042227762,-0.109973728,0.042227762
QQQ,2022Q1,2022-05-31,2022-08-31,2022-05-31,-0.027360559,False,-0.185687556,-0.027360559,-0.185687556
QQQ,2022Q2,2022-08-31,2022-11-30,2022-08-31,-0.017986495,False,-0.236708683,-0.017986495,-0.236708683
QQQ,2022Q3,2022-11-30,2023-02-28,2022-11-30,0.003077626,False,-0.149895797,0.003077626,-0.149895797
QQQ,2022Q4,2023-02-28,2023-05-31,2023-02-28,0.187248502,False,-0.041915354,0.187248502,-0.041915354
QQQ,2023Q1,2023-05-31,2023-08-31,2023-05-31,0.08769935,False,0.169482249,0.08769935,0.169482249
QQQ,2023Q2,2023-08-31,2023-11-30,2023-08-31,0.030167287,False,0.295343775,0.030167287,0.295343775
QQQ,2023Q3,2023-11-30,2024-02-29,2023-11-30,0.131878099,False,0.330326536,0.131878099,0.330326536
QQQ,2023Q4,2024-02-29,2024-05-31,2024-02-29,0.028031924,False,0.268283319,0.028031924,0.268283319
QQQ,2024Q1,2024-05-31,2024-08-31,2024-05-31,0.058390076,False,0.19870968,0.058390076,0.19870968
QQQ,2024Q2,2024-08-31,2024-11-30,2024-08-31,0.071779271,False,0.23154991,0.071779271,0.23154991
QQQ,2024Q3,2024-11-30,2025-02-28,2024-11-30,-0.001472479,False,0.166158852,-0.001472479,0.166158852
QQQ,2024Q4,2025-02-28,2025-05-31,2025-02-28,0.023051594,False,0.132690222,0.023051594,0.132690222
QQQ,2025Q1,2025-05-31,2025-08-31,2025-05-31,0.100037765,False,0.094870939,0.100037765,0.094870939
QQQ,2025Q2,2025-08-31,2025-11-30,2025-08-31,0.086900256,False,0.123738268,0.086900256,0.123738268
QQQ,2025Q3,2025-11-30,2026-02-28,2025-11-30,-0.01805029,False,0.223192537,-0.01805029,0.223192537
QQQ,2025Q4,2026-02-28,2026-05-31,2026-02-28,0.217278369,False,0.174049837,0.217278369,0.174049837
QQQ,2026Q1,2026-05-31,2026-08-31,2026-05-31,-0.028121377,False,0.299178551,-0.028121377,0.299178551
QQQ,2026Q2,2026-08-31,2026-11-30,2026-08-31,,True,0.161692486,0.0,0.161692486
SPY,1992Q4,1993-02-28,1993-05-31,1993-02-28,0.023106609,False,,0.023106609,0.0
SPY,1993Q1,1993-05-31,1993-08-31,1993-05-31,0.037013926,False,,0.037013926,0.0
SPY,1993Q2,1993-08-31,1993-11-30,1993-08-31,0.001503143,False,,0.001503143,0.0
SPY,1993Q3,1993-11-30,1994-02-28,1993-11-30,0.01702969,False,0.0625706,0.01702969,0.0625706
SPY,1993Q4,1994-02-28,1994-05-31,1994-02-28,-0.01571599,False,0.056259277,-0.01571599,0.056259277
SPY,1994Q1,1994-05-31,1994-08-31,1994-05-31,0.047122754,False,0.002550776,0.047122754,0.002550776
SPY,1994Q2,1994-08-31,1994-11-30,1994-08-31,-0.037459731,False,0.048218109,-0.037459731,0.048218109
SPY,1994Q3,1994-11-30,1995-02-28,1994-11-30,0.083622849,False,-0.007942295,0.083622849,-0.007942295
SPY,1994Q4,1995-02-28,1995-05-31,1995-02-28,0.100281581,False,0.092181104,0.100281581,0.092181104
SPY,1995Q1,1995-05-31,1995-08-31,1995-05-31,0.057733219,False,0.147627389,0.057733219,0.147627389
SPY,1995Q2,1995-08-31,1995-11-30,1995-08-31,0.085541982,False,0.261125016,0.085541982,0.261125016
SPY,1995Q3,1995-11-30,1996-02-29,1995-11-30,0.055226433,False,0.263358512,0.055226433,0.263358512
SPY,1995Q4,1996-02-29,1996-05-31,1996-02-29,0.05161669,False,0.211625568,0.05161669,0.211625568
SPY,1996Q1,1996-05-31,1996-08-31,1996-05-31,-0.017954785,False,0.204619129,-0.017954785,0.204619129
SPY,1996Q2,1996-08-31,1996-11-30,1996-08-31,0.169585867,False,0.089769416,0.169585867,0.089769416
SPY,1996Q3,1996-11-30,1997-02-28,1996-11-30,0.046432664,False,0.207872422,0.046432664,0.207872422
SPY,1996Q4,1997-02-28,1997-05-31,1997-02-28,0.079919257,False,0.201918122,0.079919257,0.201918122
SPY,1997Q1,1997-05-31,1997-08-31,1997-05-31,0.065417012,False,0.321705463,0.065417012,0.321705463
SPY,1997Q2,1997-08-31,1997-11-30,1997-08-31,0.061972909,False,0.203988116,0.061972909,0.203988116
SPY,1997Q3,1997-11-30,1998-02-28,1997-11-30,0.103721009,False,0.221868168,0.103721009,0.221868168
SPY,1997Q4,1998-02-28,1998-05-31,1998-02-28,0.040137545,False,0.248798516,0.040137545,0.248798516
SPY,1998Q1,1998-05-31,1998-08-31,1998-05-31,-0.11671662,False,0.219167901,-0.11671662,0.219167901
SPY,1998Q2,1998-08-31,1998-11-30,1998-08-31,0.213907679,False,0.014028452,0.213907679,0.014028452
SPY,1998Q3,1998-11-30,1999-02-28,1998-11-30,0.067582554,False,0.115260936,0.067582554,0.115260936
SPY,1998Q4,1999-02-28,1999-05-31,1999-02-28,0.056298831,False,0.144688147,0.056298831,0.144688147
SPY,1999Q1,1999-05-31,1999-08-31,1999-05-31,0.017342863,False,0.368906943,0.017342863,0.368906943
SPY,1999Q2,1999-08-31,1999-11-30,1999-08-31,0.057631658,False,0.147243512,0.057631658,0.147243512
SPY,1999Q3,1999-11-30,2000-02-29,1999-11-30,-0.010815312,False,0.136550098,-0.010815312,0.136550098
SPY,1999Q4,2000-02-29,2000-05-31,2000-02-29,0.041749292,False,0.064337024,0.041749292,0.064337024
SPY,2000Q1,2000-05-31,2000-08-31,2000-05-31,0.06925151,False,0.08987086,0.06925151,0.08987086
SPY,2000Q2,2000-08-31,2000-11-30,2000-08-31,-0.129510973,False,0.101844913,-0.129510973,0.101844913
SPY,2000Q3,2000-11-30,2001-02-28,2000-11-30,-0.060107359,False,-0.030369234,-0.060107359,-0.030369234
SPY,2000Q4,2001-02-28,2001-05-31,2001-02-28,0.018871477,False,-0.125174523,0.018871477,-0.125174523
SPY,2001Q1,2001-05-31,2001-08-31,2001-05-31,-0.091109802,False,-0.166393765,-0.091109802,-0.166393765
SPY,2001Q2,2001-08-31,2001-11-30,2001-08-31,0.002872439,False,-0.129619659,0.002872439,-0.129619659
SPY,2001Q3,2001-11-30,2002-02-28,2001-11-30,-0.022075281,False,-0.071297702,-0.022075281,-0.071297702
SPY,2001Q4,2002-02-28,2002-05-31,2002-02-28,-0.032594298,False,-0.10862071,-0.032594298,-0.10862071
SPY,2002Q1,2002-05-31,2002-08-31,2002-05-31,-0.14100719,False,-0.05123258,-0.14100719,-0.05123258
SPY,2002Q2,2002-08-31,2002-11-30,2002-08-31,0.028560705,False,-0.187349896,0.028560705,-0.187349896
SPY,2002Q3,2002-11-30,2003-02-28,2002-11-30,-0.092177014,False,-0.145271668,-0.092177014,-0.145271668
SPY,2002Q4,2003-02-28,2003-05-31,2003-02-28,0.146536353,False,-0.197914561,0.146536353,-0.197914561
SPY,2003Q1,2003-05-31,2003-08-31,2003-05-31,0.050092359,False,0.070579524,0.050092359,0.070579524
SPY,2003Q2,2003-08-31,2003-11-30,2003-08-31,0.053416307,False,0.09299079,0.053416307,0.09299079
SPY,2003Q3,2003-11-30,2004-02-29,2003-11-30,0.085613085,False,0.268280645,0.085613085,0.268280645
SPY,2003Q4,2004-02-29,2004-05-31,2004-02-29,-0.015339144,False,0.200888275,-0.015339144,0.200888275
SPY,2004Q1,2004-05-31,2004-08-31,2004-05-31,-0.011912831,False,0.126060643,-0.011912831,0.126060643
SPY,2004Q2,2004-08-31,2004-11-30,2004-08-31,0.068595103,False,0.056226361,0.068595103,0.056226361
SPY,2004Q3,2004-11-30,2005-02-28,2004-11-30,0.02807571,False,0.039669043,0.02807571,0.039669043
SPY,2004Q4,2005-02-28,2005-05-31,2005-02-28,-0.005642848,False,0.085509272,-0.005642848,0.085509272
SPY,2005Q1,2005-05-31,2005-08-31,2005-05-31,0.030086436,False,0.092397455,0.030086436,0.092397455
SPY,2005Q2,2005-08-31,2005-11-30,2005-08-31,0.027442196,False,0.053031029,0.027442196,0.053031029
SPY,2005Q3,2005-11-30,2006-02-28,2005-11-30,0.027906358,False,0.052382138,0.027906358,0.052382138
SPY,2005Q4,2006-02-28,2006-05-31,2006-02-28,-0.001660762,False,0.087889083,-0.001660762,0.087889083
SPY,2006Q1,2006-05-31,2006-08-31,2006-05-31,0.029075528,False,0.054360412,0.029075528,0.054360412
SPY,2006Q2,2006-08-31,2006-11-30,2006-08-31,0.080434909,False,0.056036536,0.080434909,0.056036536
SPY,2006Q3,2006-11-30,2007-02-28,2006-11-30,0.008434395,False,0.110002608,0.008434395,0.110002608
SPY,2006Q4,2007-02-28,2007-05-31,2007-02-28,0.092230559,False,0.121226899,0.092230559,0.121226899
SPY,2007Q1,2007-05-31,2007-08-31,2007-05-31,-0.033223654,False,0.190037319,-0.033223654,0.190037319
SPY,2007Q2,2007-08-31,2007-11-30,2007-08-31,0.012028461,False,0.064848907,0.012028461,0.064848907
SPY,2007Q3,2007-11-30,2008-02-29,2007-11-30,-0.095047539,False,0.068644034,-0.095047539,0.068644034
SPY,2007Q4,2008-02-29,2008-05-31,2008-02-29,0.053989321,False,-0.114589827,0.053989321,-0.114589827
SPY,2008Q1,2008-05-31,2008-08-31,2008-05-31,-0.077775809,False,-0.034716901,-0.077775809,-0.034716901
SPY,2008Q2,2008-08-31,2008-11-30,2008-08-31,-0.296440072,False,-0.120373133,-0.296440072,-0.120373133
SPY,2008Q3,2008-11-30,2009-02-28,2008-11-30,-0.172714931,False,-0.316129584,-0.172714931,-0.316129584
SPY,2008Q4,2009-02-28,2009-05-31,2009-02-28,0.260548044,False,-0.463224368,0.260548044,-0.463224368
SPY,2009Q1,2009-05-31,2009-08-31,2009-05-31,0.113570925,False,-0.266304788,0.113570925,-0.266304788
SPY,2009Q2,2009-08-31,2009-11-30,2009-08-31,0.078115187,False,0.161268035,0.078115187,0.161268035
SPY,2009Q3,2009-11-30,2010-02-28,2009-11-30,0.012699649,False,0.513360693,0.012699649,0.513360693
SPY,2009Q4,2010-02-28,2010-05-31,2010-02-28,-0.008303979,False,0.215804387,-0.008303979,0.215804387
SPY,2010Q1,2010-05-31,2010-08-31,2010-05-31,-0.032540739,False,0.08274053,-0.032540739,0.08274053
SPY,2010Q2,2010-08-31,2010-11-30,2010-08-31,0.131177888,False,-0.028390133,0.131177888,-0.028390133
SPY,2010Q3,2010-11-30,2011-02-28,2010-11-30,0.129633453,False,0.085280911,0.129633453,0.085280911
SPY,2010Q4,2011-02-28,2011-05-31,2011-02-28,0.017544358,False,0.236235294,0.017544358,0.236235294
SPY,2011Q1,2011-05-31,2011-08-31,2011-05-31,-0.089503974,False,0.300234851,-0.089503974,0.300234851
SPY,2011Q2,2011-08-31,2011-11-30,2011-08-31,0.027954615,False,0.046571611,0.027954615,0.046571611
SPY,2011Q3,2011-11-30,2012-02-29,2011-11-30,0.103200284,False,-0.047630791,0.103200284,-0.047630791
SPY,2011Q4,2012-02-29,2012-05-31,2012-02-29,-0.03629976,False,0.032538753,-0.03629976,0.032538753
SPY,2012Q1,2012-05-31,2012-08-31,2012-05-31,0.079268151,False,0.09287445,0.079268151,0.09287445
SPY,2012Q2,2012-08-31,2012-11-30,2012-08-31,0.012389034,False,0.14742866,0.012389034,0.14742866
SPY,2012Q3,2012-11-30,2013-02-28,2012-11-30,0.074113616,False,0.052976699,0.074113616,0.052976699
SPY,2012Q4,2013-02-28,2013-05-31,2013-02-28,0.082890315,False,0.173618686,0.082890315,0.173618686
SPY,2013Q1,2013-05-31,2013-08-31,2013-05-31,0.006521888,False,0.177557502,0.006521888,0.177557502
SPY,2013Q2,2013-08-31,2013-11-30,2013-08-31,0.111409342,False,0.170733148,0.111409342,0.170733148
SPY,2013Q3,2013-11-30,2014-02-28,2013-11-30,0.034814264,False,0.211383729,0.034814264,0.211383729
SPY,2013Q4,2014-02-28,2014-05-31,2014-02-28,0.038866402,False,0.157603079,0.038866402,0.157603079
SPY,2014Q1,2014-05-31,2014-08-31,2014-05-31,0.046667061,False,0.194802576,0.046667061,0.194802576
SPY,2014Q2,2014-08-31,2014-11-30,2014-08-31,0.03716076,False,0.125202438,0.03716076,0.125202438
SPY,2014Q3,2014-11-30,2015-02-28,2014-11-30,0.022310164,False,0.127753894,0.022310164,0.127753894
SPY,2014Q4,2015-02-28,2015-05-31,2015-02-28,0.006752408,False,0.10978107,0.006752408,0.10978107
SPY,2015Q1,2015-05-31,2015-08-31,2015-05-31,-0.059242716,False,0.067459564,-0.059242716,0.067459564
SPY,2015Q2,2015-08-31,2015-11-30,2015-08-31,0.061238257,False,-0.031760167,0.061238257,-0.031760167
SPY,2015Q3,2015-11-30,2016-02-29,2015-11-30,-0.066980276,False,0.005109006,-0.066980276,0.005109006
SPY,2015Q4,2016-02-29,2016-05-31,2016-02-29,0.089699995,False,-0.068503318,0.089699995,-0.068503318
SPY,2016Q1,2016-05-31,2016-08-31,2016-05-31,0.041319267,False,0.078973234,0.041319267,0.078973234
SPY,2016Q2,2016-08-31,2016-11-30,2016-08-31,0.018922032,False,0.058721366,0.018922032,0.058721366
SPY,2016Q3,2016-11-30,2017-02-28,2016-11-30,0.079334663,False,0.156196914,0.079334663,0.156196914
SPY,2016Q4,2017-02-28,2017-05-31,2017-02-28,0.025459088,False,0.145199057,0.025459088,0.145199057
SPY,2017Q1,2017-05-31,2017-08-31,2017-05-31,0.030057093,False,0.127756701,0.030057093,0.127756701
SPY,2017Q2,2017-08-31,2017-11-30,2017-08-31,0.076104577,False,0.140081137,0.076104577,0.140081137
SPY,2017Q3,2017-11-30,2018-02-28,2017-11-30,0.030295266,False,0.136669258,0.030295266,0.136669258
SPY,2017Q4,2018-02-28,2018-05-31,2018-02-28,0.001381197,False,0.142029914,0.001381197,0.142029914
SPY,2018Q1,2018-05-31,2018-08-31,2018-05-31,0.07630326,False,0.110236791,0.07630326,0.110236791
SPY,2018Q2,2018-08-31,2018-11-30,2018-08-31,-0.046199606,False,0.110441777,-0.046199606,0.110441777
SPY,2018Q3,2018-11-30,2019-02-28,2018-11-30,0.016895939,False,0.02799638,0.016895939,0.02799638
SPY,2018Q4,2019-02-28,2019-05-31,2019-02-28,-0.00788568,False,0.043923481,-0.00788568,0.043923481
SPY,2019Q1,2019-05-31,2019-08-31,2019-05-31,0.067578813,False,-0.037732698,0.067578813,-0.037732698
SPY,2019Q2,2019-08-31,2019-11-30,2019-08-31,0.079711081,False,0.077055735,0.079711081,0.077055735
SPY,2019Q3,2019-11-30,2020-02-29,2019-11-30,-0.052793112,False,0.143587035,-0.052793112,0.143587035
SPY,2019Q4,2020-02-29,2020-05-31,2020-02-29,0.033246196,False,0.091823286,0.033246196,0.091823286
SPY,2020Q1,2020-05-31,2020-08-31,2020-05-31,0.152888675,False,0.056710983,0.152888675,0.056710983
SPY,2020Q2,2020-08-31,2020-11-30,2020-08-31,0.040649816,False,0.128329742,0.040649816,0.128329742
SPY,2020Q3,2020-11-30,2021-02-28,2020-11-30,0.055022195,False,0.239640624,0.055022195,0.239640624
SPY,2020Q4,2021-02-28,2021-05-31,2021-02-28,0.107939085,False,0.265766453,0.107939085,0.265766453
SPY,2021Q1,2021-05-31,2021-08-31,2021-05-31,0.078557491,False,0.216415908,0.078557491,0.216415908
SPY,2021Q2,2021-08-31,2021-11-30,2021-08-31,0.012090198,False,0.260726203,0.012090198,0.260726203
SPY,2021Q3,2021-11-30,2022-02-28,2021-11-30,-0.038186014,False,0.209423496,-0.038186014,0.209423496
SPY,2021Q4,2022-02-28,2022-05-31,2022-02-28,-0.051341416,False,0.049913708,-0.051341416,0.049913708
SPY,2022Q1,2022-05-31,2022-08-31,2022-05-31,-0.038851466,False,-0.07653541,-0.038851466,-0.07653541
SPY,2022Q2,2022-08-31,2022-11-30,2022-08-31,0.03586903,False,-0.123016269,0.03586903,-0.123016269
SPY,2022Q3,2022-11-30,2023-02-28,2022-11-30,-0.023548781,False,-0.055492746,-0.023548781,-0.055492746
SPY,2022Q4,2023-02-28,2023-05-31,2023-02-28,0.058508767,False,-0.027821731,0.058508767,-0.027821731
SPY,2023Q1,2023-05-31,2023-08-31,2023-05-31,0.081782723,False,0.070655766,0.081782723,0.070655766
SPY,2023Q2,2023-08-31,2023-11-30,2023-08-31,0.017008583,False,0.118111341,0.017008583,0.118111341
SPY,2023Q3,2023-11-30,2024-02-29,2023-11-30,0.117747592,False,0.164552625,0.117747592,0.164552625
SPY,2023Q4,2024-02-29,2024-05-31,2024-02-29,0.041191226,False,0.229726133,0.041191226,0.229726133
SPY,2024Q1,2024-05-31,2024-08-31,2024-05-31,0.072299446,False,0.183583387,0.072299446,0.183583387
SPY,2024Q2,2024-08-31,2024-11-30,2024-08-31,0.072236381,False,0.247930284,0.072236381,0.247930284
SPY,2024Q3,2024-11-30,2025-02-28,2024-11-30,-0.010571921,False,0.197118438,-0.010571921,0.197118438
SPY,2024Q4,2025-02-28,2025-05-31,2025-02-28,-0.005077635,False,0.137603321,-0.005077635,0.137603321
SPY,2025Q1,2025-05-31,2025-08-31,2025-05-31,0.097672177,False,0.055513915,0.097672177,0.055513915
SPY,2025Q2,2025-08-31,2025-11-30,2025-08-31,0.062374428,False,0.080553019,0.062374428,0.080553019
SPY,2025Q3,2025-11-30,2026-02-28,2025-11-30,0.00677067,False,0.160217624,0.00677067,0.160217624
SPY,2025Q4,2026-02-28,2026-05-31,2026-02-28,0.105768263,False,0.174034393,0.105768263,0.174034393
SPY,2026Q1,2026-05-31,2026-08-31,2026-05-31,0.016584832,False,0.182693703,0.016584832,0.182693703
SPY,2026Q2,2026-08-31,2026-11-30,2026-08-31,,True,0.131718204,0.0,0.131718204
