research_concept,dictionary_column,actual_column,in_dictionary,found,source,notes
Firm identifier (ticker),symbol,symbol,True,True,csv,
Company name,company,company,True,True,csv,
Sector,sector,sector,True,True,csv,
Industry,industry,industry,True,True,csv,
Fiscal period end date,fiscal_period_end_date,fiscal_period_end_date,True,True,csv,"formats parsed {'%Y-%m-%d': 22969, '%d/%m/%Y': 245}; unparsable 0; DD/MM/YYYY only in SPY/QQQ rows where it equals the formation date"
Filing date,filing_date,filing_date,True,True,csv,median filing lag 399 days; 89.9% of dates are after formation -> not the original filing date (meaning unclear); NOT used for timing
Aligned period key (signal quarter),period_key,period_key,True,True,csv,alignment rule (fiscal end - 2 months -> calendar quarter) holds for 100.0% of company rows
Aligned period year,period_year,period_year,True,True,csv,
Aligned period quarter,period_quarter,period_quarter,True,True,csv,
Pipeline run date,run_date,run_date,True,True,csv,"single value [datetime.date(2026, 9, 5)]; empty in SPY/QQQ rows"
Row key (period_key_symbol),,KEY,False,True,csv,column exists in the CSV but is NOT documented in the dictionary
Forward quarterly return (evaluation target),,Future_Quarterly_Return,False,True,csv,SELECTED evaluation target. Window formation(t) -> +3 month-ends (see return_window_verification.csv). 555 unrealized values stored as 0.0 set to NaN in fwd_return | column exists in the CSV but is NOT documented in the dictionary
Past 3-quarter price momentum,,Momentum_3Q,False,True,csv,= prod(1+FQR[t-3..t-1])-1 for 100.0% of testable rows; 157 exact zeros set to NaN in momentum_3q | column exists in the CSV but is NOT documented in the dictionary
Month-end stock price,valuations__per_share_data__month_end_stock_price,valuations__per_share_data__month_end_stock_price,True,True,csv,226 company rows exactly 0 -> use price_clean (0 -> NaN)
Market capitalisation (size),market_cap,market_cap,True,True,csv,"identical duplicate 'market_cap.1' in CSV (dropped=True) | 282 company rows exactly 0 (e.g. pre-IPO quarters), 0 negative, 38 NaN -> use market_cap_clean (0 -> NaN)"
EBIT (quarter),ebit,ebit,True,True,csv,
Effective tax rate (quarter),calc_raw_tax_rate_quarterly,calc_raw_tax_rate_quarterly,True,True,csv,CSV value rounded to 2 decimals (746 distinct values)
NOPAT (quarter),calc_nopat_quarterly,calc_nopat_quarterly,True,True,csv,
"Invested capital, balance date",calc_ic_raw,calc_ic_raw,True,True,csv,
Average invested capital,calc_average_ic_raw_quarterly,calc_average_ic_raw_quarterly,True,True,csv,
"ROIC level, pre-tax (quarterly)",calc_roic_pretax_quarterly_ic_raw,calc_roic_pretax_quarterly_ic_raw,True,True,csv,CSV value rounded to 2 decimals (201 distinct values) | research value: roic_pretax_q = ebit / calc_average_ic_raw_quarterly (full precision)
"ROIC level, post-tax (quarterly)",calc_roic_posttax_quarterly_ic_raw,calc_roic_posttax_quarterly_ic_raw,True,True,csv,CSV value rounded to 2 decimals (198 distinct values) | research value: roic_posttax_q = calc_nopat_quarterly / calc_average_ic_raw_quarterly (full precision)
"ROIC level, post-tax (annualised)",calc_roic_posttax_annualized_ic_raw,calc_roic_posttax_annualized_ic_raw,True,True,csv,
Quarterly change in post-tax ROIC,calc_roic_posttax_change_quarterly,calc_roic_posttax_change_quarterly,True,True,csv,
Shapley contribution of EBIT,calc_roic_ebit_contribution,calc_roic_ebit_contribution,True,True,csv,
Shapley contribution of tax rate,calc_roic_tax_contribution,calc_roic_tax_contribution,True,True,csv,
Shapley contribution of invested capital,calc_roic_ic_contribution,calc_roic_ic_contribution,True,True,csv,
Decomposition residual,calc_roic_decomposition_residual,calc_roic_decomposition_residual,True,True,csv,
Decomposition status,calc_roic_decomposition_status,calc_roic_decomposition_status,True,True,csv,
ROIC pair quality flag,calc_roic_quality_flag,calc_roic_quality_flag,True,True,csv,
Economic interpretation valid,calc_roic_economic_interpretation_valid,calc_roic_economic_interpretation_valid,True,True,csv,converted to boolean; empty when decomposition status != VALID
Tax-rate quality flag,calc_tax_rate_quality_flag,calc_tax_rate_quality_flag,True,True,csv,
Dominant driver of ROIC change,calc_roic_dominant_driver,calc_roic_dominant_driver,True,True,csv,
Raw movement of average IC,calc_ic_movement,calc_ic_movement,True,True,csv,"direction of average IC itself - use this / avg_ic_change_4q, not the IC contribution sign, to say capital fell"
Book debt incl. leases,calc_debt_value_quarterly,calc_debt_value_quarterly,True,True,csv,identical duplicate 'calc_debt_value_quarterly.1' in CSV (dropped=True) | identical duplicate 'calc_debt_value_quarterly.2' in CSV (dropped=True)
Stockholders equity,total_stockholders_equity,total_stockholders_equity,True,True,csv,
Debt-to-equity (calculated),calc_debt_to_equity_quarterly,calc_debt_to_equity_quarterly,True,True,csv,CSV value rounded to 2 decimals (2141 distinct values) | research value: debt_to_equity_q = calc_debt_value_quarterly / total_stockholders_equity
Debt-to-equity (GuruFocus),valuations__ratios__debt_to_equity,valuations__ratios__debt_to_equity,True,True,csv,CSV value rounded to 2 decimals (2196 distinct values) | no NaN in company rows while stockholders equity is NaN in 1914 rows; 20 zeros where equity is missing -> possible zero-filling at source
"EV / FCF (valuation, calculated)",calc_ev_to_fcf_quarterly,calc_ev_to_fcf_quarterly,True,True,csv,
Annual WACC,calc_wacc_annual,calc_wacc_annual,True,True,csv,
Stock return volatility,,,False,False,missing,not available in any provided file - requires an additional data source
Market beta,,,False,False,missing,not available in any provided file - requires an additional data source
"ROIC trend, 4 quarters (OLS slope)",,roic_trend_4q,False,True,computed,not in source files - computed in Stage 1 (src/features.py)
"EBIT contribution trend, 4 quarters",,ebit_contribution_trend_4q,False,True,computed,not in source files - computed in Stage 1 (src/features.py)
"Tax contribution trend, 4 quarters",,tax_contribution_trend_4q,False,True,computed,not in source files - computed in Stage 1 (src/features.py)
"IC contribution trend, 4 quarters",,ic_contribution_trend_4q,False,True,computed,not in source files - computed in Stage 1 (src/features.py)
