column,in_dictionary,in_csv,status,dictionary_section
symbol,True,True,matched,1 עמודות זיהוי ומבנה
company,True,True,matched,1 עמודות זיהוי ומבנה
sector,True,True,matched,1 עמודות זיהוי ומבנה
industry,True,True,matched,1 עמודות זיהוי ומבנה
fiscal_period_end_date,True,True,matched,1 עמודות זיהוי ומבנה
filing_date,True,True,matched,1 עמודות זיהוי ומבנה
period_key,True,True,matched,1 עמודות זיהוי ומבנה
period_year,True,True,matched,1 עמודות זיהוי ומבנה
period_quarter,True,True,matched,1 עמודות זיהוי ומבנה
run_date,True,True,matched,1 עמודות זיהוי ומבנה
total_current_assets,True,True,matched,2 שדות גולמיים מ-fundamentals
cash_and_cash_equivalents,True,True,matched,2 שדות גולמיים מ-fundamentals
short_term_investments,True,True,matched,2 שדות גולמיים מ-fundamentals
net_ppe,True,True,matched,2 שדות גולמיים מ-fundamentals
goodwill,True,True,matched,2 שדות גולמיים מ-fundamentals
intangible_assets,True,True,matched,2 שדות גולמיים מ-fundamentals
total_assets,True,True,matched,2 שדות גולמיים מ-fundamentals
total_current_liabilities,True,True,matched,2 שדות גולמיים מ-fundamentals
short_term_debt,True,True,matched,2 שדות גולמיים מ-fundamentals
short_term_debt_and_capital_lease,True,True,matched,2 שדות גולמיים מ-fundamentals
long_term_debt_and_capital_lease,True,True,matched,2 שדות גולמיים מ-fundamentals
total_liabilities,True,True,matched,2 שדות גולמיים מ-fundamentals
equity,True,True,matched,2 שדות גולמיים מ-fundamentals
total_stockholders_equity,True,True,matched,2 שדות גולמיים מ-fundamentals
ebit,True,True,matched,2 שדות גולמיים מ-fundamentals
pretax_income,True,True,matched,2 שדות גולמיים מ-fundamentals
tax_provision,True,True,matched,2 שדות גולמיים מ-fundamentals
interest_expense,True,True,matched,2 שדות גולמיים מ-fundamentals
free_cash_flow,True,True,matched,2 שדות גולמיים מ-fundamentals
market_cap,True,True,matched,3 שדות מ-valuations API
valuations__valuation_ratios__enterprise_value_to_fcf,True,True,matched,3 שדות מ-valuations API
valuations__per_share_data__shares_outstanding,True,True,matched,3 שדות מ-valuations API
valuations__per_share_data__month_end_stock_price,True,True,matched,3 שדות מ-valuations API
valuations__ratios__debt_to_equity,True,True,matched,3 שדות מ-valuations API
calc_tax_expense_quarterly,True,True,matched,4 חישובים בסיסיים
calc_raw_tax_rate_quarterly,True,True,matched,4 חישובים בסיסיים
calc_nopat_quarterly,True,True,matched,4 חישובים בסיסיים
calc_ic_raw,True,True,matched,4 חישובים בסיסיים
calc_average_ic_raw_quarterly,True,True,matched,4 חישובים בסיסיים
calc_roic_pretax_quarterly_ic_raw,True,True,matched,4 חישובים בסיסיים
calc_roic_posttax_quarterly_ic_raw,True,True,matched,4 חישובים בסיסיים
calc_debt_value_quarterly,True,True,matched,4 חישובים בסיסיים
calc_debt_to_equity_quarterly,True,True,matched,4 חישובים בסיסיים
calc_enterprise_value_quarterly,True,True,matched,4 חישובים בסיסיים
calc_free_cash_flow_ttm,True,True,matched,4 חישובים בסיסיים
calc_ev_to_fcf_quarterly,True,True,matched,4 חישובים בסיסיים
calc_nopat_decomposition_status,True,True,matched,5 פירוק השינוי ב-NOPAT
calc_nopat_change_quarterly,True,True,matched,5 פירוק השינוי ב-NOPAT
calc_nopat_change_direction,True,True,matched,5 פירוק השינוי ב-NOPAT
calc_nopat_ebit_contribution,True,True,matched,5 פירוק השינוי ב-NOPAT
calc_nopat_tax_contribution,True,True,matched,5 פירוק השינוי ב-NOPAT
calc_nopat_decomposition_residual,True,True,matched,5 פירוק השינוי ב-NOPAT
calc_nopat_ebit_effect,True,True,matched,5 פירוק השינוי ב-NOPAT
calc_nopat_tax_effect,True,True,matched,5 פירוק השינוי ב-NOPAT
calc_nopat_effect_combination,True,True,matched,5 פירוק השינוי ב-NOPAT
calc_roic_decomposition_status,True,True,matched,6.1 סטטוס והשינוי
calc_roic_posttax_change_quarterly,True,True,matched,6.1 סטטוס והשינוי
calc_roic_posttax_change_direction,True,True,matched,6.1 סטטוס והשינוי
calc_roic_ebit_contribution,True,True,matched,6.2 שלוש התרומות
calc_roic_tax_contribution,True,True,matched,6.2 שלוש התרומות
calc_roic_ic_contribution,True,True,matched,6.2 שלוש התרומות
calc_roic_decomposition_residual,True,True,matched,6.2 שלוש התרומות
calc_roic_ebit_effect,True,True,matched,6.3 סימני ההשפעה
calc_roic_tax_effect,True,True,matched,6.3 סימני ההשפעה
calc_roic_ic_effect,True,True,matched,6.3 סימני ההשפעה
calc_roic_effect_combination,True,True,matched,6.3 סימני ההשפעה
calc_ebit_movement,True,True,matched,6.4 תנועה גולמית של המשתנים
calc_tax_rate_movement,True,True,matched,6.4 תנועה גולמית של המשתנים
calc_ic_movement,True,True,matched,6.4 תנועה גולמית של המשתנים
calc_raw_movement_combination,True,True,matched,6.4 תנועה גולמית של המשתנים
calc_roic_has_opposing_effects,True,True,matched,6.5 מבנה ההשפעות
calc_roic_positive_driver_count,True,True,matched,6.5 מבנה ההשפעות
calc_roic_negative_driver_count,True,True,matched,6.5 מבנה ההשפעות
calc_roic_neutral_driver_count,True,True,matched,6.5 מבנה ההשפעות
calc_roic_active_driver_count,True,True,matched,6.5 מבנה ההשפעות
calc_roic_effect_structure,True,True,matched,6.5 מבנה ההשפעות
calc_roic_total_absolute_contribution,True,True,matched,6.6 דומיננטיות וקיזוז
calc_roic_ebit_absolute_share,True,True,matched,6.6 דומיננטיות וקיזוז
calc_roic_tax_absolute_share,True,True,matched,6.6 דומיננטיות וקיזוז
calc_roic_ic_absolute_share,True,True,matched,6.6 דומיננטיות וקיזוז
calc_roic_dominant_driver,True,True,matched,6.6 דומיננטיות וקיזוז
calc_roic_dominant_driver_effect,True,True,matched,6.6 דומיננטיות וקיזוז
calc_roic_offset_ratio,True,True,matched,6.6 דומיננטיות וקיזוז
calc_ebit_sign_regime,True,True,matched,6.7 מצב רווחיות ואיכות נתונים
calc_nopat_sign_regime,True,True,matched,6.7 מצב רווחיות ואיכות נתונים
calc_tax_rate_quality_flag,True,True,matched,6.7 מצב רווחיות ואיכות נתונים
calc_roic_quality_flag,True,True,matched,6.7 מצב רווחיות ואיכות נתונים
calc_roic_economic_interpretation_valid,True,True,matched,6.7 מצב רווחיות ואיכות נתונים
calc_roic_business_classification,True,True,matched,6.8 סיווג והסבר
calc_roic_explanation,True,True,matched,6.8 סיווג והסבר
calc_roic_pretax_annualized_ic_raw,True,True,matched,"7.1 יישור יחידות — למה יש עמודות ""annualized"""
calc_roic_posttax_annualized_ic_raw,True,True,matched,"7.1 יישור יחידות — למה יש עמודות ""annualized"""
calc_wacc_quarterly,True,True,matched,"7.1 יישור יחידות — למה יש עמודות ""annualized"""
calc_wacc_risk_free_rate,True,True,matched,7.2 ההנחות
calc_wacc_equity_risk_premium,True,True,matched,7.2 ההנחות
calc_wacc_cost_of_equity,True,True,matched,7.2 ההנחות
calc_wacc_equity_value,True,True,matched,7.3 מבנה ההון
calc_wacc_total_capital,True,True,matched,7.3 מבנה ההון
calc_wacc_equity_weight,True,True,matched,7.3 מבנה ההון
calc_wacc_debt_weight,True,True,matched,7.3 מבנה ההון
calc_wacc_average_debt,True,True,matched,7.3 מבנה ההון
calc_interest_expense_ttm,True,True,matched,7.4 עלות החוב והמס
calc_wacc_cost_of_debt,True,True,matched,7.4 עלות החוב והמס
calc_wacc_tax_rate,True,True,matched,7.4 עלות החוב והמס
calc_wacc_after_tax_cost_of_debt,True,True,matched,7.4 עלות החוב והמס
calc_wacc_annual,True,True,matched,7.5 התוצאה והסינון
calc_wacc_quality_flag,True,True,matched,7.5 התוצאה והסינון
calc_wacc_inputs_complete,True,True,matched,7.5 התוצאה והסינון
calc_roic_minus_wacc_annualized,True,True,matched,7.5 התוצאה והסינון
calc_roic_minus_wacc_quarterly,True,True,matched,7.5 התוצאה והסינון
calc_creates_value,True,True,matched,7.5 התוצאה והסינון
calc_nopat_combo__ebit_pos__tax_pos,True,False,dictionary_only,8 עמודות הדמה
calc_nopat_combo__ebit_pos__tax_neg,True,False,dictionary_only,8 עמודות הדמה
calc_nopat_combo__ebit_pos__tax_zero,True,False,dictionary_only,8 עמודות הדמה
calc_nopat_combo__ebit_neg__tax_pos,True,False,dictionary_only,8 עמודות הדמה
calc_nopat_combo__ebit_neg__tax_neg,True,False,dictionary_only,8 עמודות הדמה
calc_nopat_combo__ebit_neg__tax_zero,True,False,dictionary_only,8 עמודות הדמה
calc_nopat_combo__ebit_zero__tax_pos,True,False,dictionary_only,8 עמודות הדמה
calc_nopat_combo__ebit_zero__tax_neg,True,False,dictionary_only,8 עמודות הדמה
calc_nopat_combo__ebit_zero__tax_zero,True,False,dictionary_only,8 עמודות הדמה
calc_raw_combo__ebit_up__tax_up__ic_up,True,False,dictionary_only,8 עמודות הדמה
calc_raw_combo__ebit_up__tax_up__ic_down,True,False,dictionary_only,8 עמודות הדמה
calc_raw_combo__ebit_up__tax_up__ic_flat,True,False,dictionary_only,8 עמודות הדמה
calc_raw_combo__ebit_up__tax_down__ic_up,True,False,dictionary_only,8 עמודות הדמה
calc_raw_combo__ebit_up__tax_down__ic_down,True,False,dictionary_only,8 עמודות הדמה
calc_raw_combo__ebit_up__tax_down__ic_flat,True,False,dictionary_only,8 עמודות הדמה
calc_raw_combo__ebit_up__tax_flat__ic_up,True,False,dictionary_only,8 עמודות הדמה
calc_raw_combo__ebit_up__tax_flat__ic_down,True,False,dictionary_only,8 עמודות הדמה
calc_raw_combo__ebit_up__tax_flat__ic_flat,True,False,dictionary_only,8 עמודות הדמה
calc_raw_combo__ebit_down__tax_up__ic_up,True,False,dictionary_only,8 עמודות הדמה
calc_raw_combo__ebit_down__tax_up__ic_down,True,False,dictionary_only,8 עמודות הדמה
calc_raw_combo__ebit_down__tax_up__ic_flat,True,False,dictionary_only,8 עמודות הדמה
calc_raw_combo__ebit_down__tax_down__ic_up,True,False,dictionary_only,8 עמודות הדמה
calc_raw_combo__ebit_down__tax_down__ic_down,True,False,dictionary_only,8 עמודות הדמה
calc_raw_combo__ebit_down__tax_down__ic_flat,True,False,dictionary_only,8 עמודות הדמה
calc_raw_combo__ebit_down__tax_flat__ic_up,True,False,dictionary_only,8 עמודות הדמה
calc_raw_combo__ebit_down__tax_flat__ic_down,True,False,dictionary_only,8 עמודות הדמה
calc_raw_combo__ebit_down__tax_flat__ic_flat,True,False,dictionary_only,8 עמודות הדמה
calc_raw_combo__ebit_flat__tax_up__ic_up,True,False,dictionary_only,8 עמודות הדמה
calc_raw_combo__ebit_flat__tax_up__ic_down,True,False,dictionary_only,8 עמודות הדמה
calc_raw_combo__ebit_flat__tax_up__ic_flat,True,False,dictionary_only,8 עמודות הדמה
calc_raw_combo__ebit_flat__tax_down__ic_up,True,False,dictionary_only,8 עמודות הדמה
calc_raw_combo__ebit_flat__tax_down__ic_down,True,False,dictionary_only,8 עמודות הדמה
calc_raw_combo__ebit_flat__tax_down__ic_flat,True,False,dictionary_only,8 עמודות הדמה
calc_raw_combo__ebit_flat__tax_flat__ic_up,True,False,dictionary_only,8 עמודות הדמה
calc_raw_combo__ebit_flat__tax_flat__ic_down,True,False,dictionary_only,8 עמודות הדמה
calc_raw_combo__ebit_flat__tax_flat__ic_flat,True,False,dictionary_only,8 עמודות הדמה
calc_roic_combo__ebit_pos__tax_pos__ic_pos,True,False,dictionary_only,8 עמודות הדמה
calc_roic_combo__ebit_pos__tax_pos__ic_neg,True,False,dictionary_only,8 עמודות הדמה
calc_roic_combo__ebit_pos__tax_pos__ic_zero,True,False,dictionary_only,8 עמודות הדמה
calc_roic_combo__ebit_pos__tax_neg__ic_pos,True,False,dictionary_only,8 עמודות הדמה
calc_roic_combo__ebit_pos__tax_neg__ic_neg,True,False,dictionary_only,8 עמודות הדמה
calc_roic_combo__ebit_pos__tax_neg__ic_zero,True,False,dictionary_only,8 עמודות הדמה
calc_roic_combo__ebit_pos__tax_zero__ic_pos,True,False,dictionary_only,8 עמודות הדמה
calc_roic_combo__ebit_pos__tax_zero__ic_neg,True,False,dictionary_only,8 עמודות הדמה
calc_roic_combo__ebit_pos__tax_zero__ic_zero,True,False,dictionary_only,8 עמודות הדמה
calc_roic_combo__ebit_neg__tax_pos__ic_pos,True,False,dictionary_only,8 עמודות הדמה
calc_roic_combo__ebit_neg__tax_pos__ic_neg,True,False,dictionary_only,8 עמודות הדמה
calc_roic_combo__ebit_neg__tax_pos__ic_zero,True,False,dictionary_only,8 עמודות הדמה
calc_roic_combo__ebit_neg__tax_neg__ic_pos,True,False,dictionary_only,8 עמודות הדמה
calc_roic_combo__ebit_neg__tax_neg__ic_neg,True,False,dictionary_only,8 עמודות הדמה
calc_roic_combo__ebit_neg__tax_neg__ic_zero,True,False,dictionary_only,8 עמודות הדמה
calc_roic_combo__ebit_neg__tax_zero__ic_pos,True,False,dictionary_only,8 עמודות הדמה
calc_roic_combo__ebit_neg__tax_zero__ic_neg,True,False,dictionary_only,8 עמודות הדמה
calc_roic_combo__ebit_neg__tax_zero__ic_zero,True,False,dictionary_only,8 עמודות הדמה
calc_roic_combo__ebit_zero__tax_pos__ic_pos,True,False,dictionary_only,8 עמודות הדמה
calc_roic_combo__ebit_zero__tax_pos__ic_neg,True,False,dictionary_only,8 עמודות הדמה
calc_roic_combo__ebit_zero__tax_pos__ic_zero,True,False,dictionary_only,8 עמודות הדמה
calc_roic_combo__ebit_zero__tax_neg__ic_pos,True,False,dictionary_only,8 עמודות הדמה
calc_roic_combo__ebit_zero__tax_neg__ic_neg,True,False,dictionary_only,8 עמודות הדמה
calc_roic_combo__ebit_zero__tax_neg__ic_zero,True,False,dictionary_only,8 עמודות הדמה
calc_roic_combo__ebit_zero__tax_zero__ic_pos,True,False,dictionary_only,8 עמודות הדמה
calc_roic_combo__ebit_zero__tax_zero__ic_neg,True,False,dictionary_only,8 עמודות הדמה
calc_roic_combo__ebit_zero__tax_zero__ic_zero,True,False,dictionary_only,8 עמודות הדמה
KEY,False,True,file_only: undocumented,
calc_debt_value_quarterly.1,False,True,file_only: duplicate of calc_debt_value_quarterly,
cash_and_cash_equivalents.1,False,True,file_only: duplicate of cash_and_cash_equivalents,
short_term_investments.1,False,True,file_only: duplicate of short_term_investments,
market_cap.1,False,True,file_only: duplicate of market_cap,
calc_debt_value_quarterly.2,False,True,file_only: duplicate of calc_debt_value_quarterly,
Future_Quarterly_Return,False,True,file_only: undocumented,
Momentum_3Q,False,True,file_only: undocumented,
