period_key,company_rows,distinct_firms,population_firms,rows_not_in_index
2016Q4,74,74,55,19
2017Q1,572,572,420,152
2017Q2,573,573,423,150
2017Q3,571,571,428,143
2017Q4,577,577,430,147
2018Q1,578,578,428,150
2018Q2,584,584,433,151
2018Q3,585,585,435,150
2018Q4,589,589,443,146
2019Q1,588,588,443,145
2019Q2,590,590,445,145
2019Q3,593,593,452,141
2019Q4,597,597,457,140
2020Q1,600,600,456,144
2020Q2,603,603,460,143
2020Q3,604,604,458,146
2020Q4,608,608,463,145
2021Q1,604,604,462,142
2021Q2,605,605,466,139
2021Q3,604,604,465,139
2021Q4,609,609,470,139
2022Q1,608,608,470,138
2022Q2,609,609,472,137
2022Q3,610,610,471,139
2022Q4,615,615,480,135
2023Q1,614,614,479,135
2023Q2,615,615,482,133
2023Q3,617,617,483,134
2023Q4,620,620,486,134
2024Q1,616,616,483,133
2024Q2,619,619,487,132
2024Q3,621,621,488,133
2024Q4,623,623,491,132
2025Q1,623,623,489,134
2025Q2,624,624,491,133
2025Q3,621,621,494,127
2025Q4,627,627,498,129
2026Q1,623,623,497,126
2026Q2,556,556,444,112
