symbol,company,sector,n_quarters,first_period,last_period,span_quarters,n_breaks_in_sequence,max_key_gap,population_quarters,missing_quarters_inside_span
A,Agilent Technologies Inc,Healthcare,39,2016Q4,2026Q2,39,0,1,39,0
AA,Alcoa Corp,Basic Materials,38,2017Q1,2026Q2,38,0,1,0,0
AAL,American Airlines Group Inc,Industrials,38,2017Q1,2026Q2,38,0,1,30,0
AAP,Advance Auto Parts Inc,Consumer Cyclical,13,2017Q4,2025Q4,33,8,4,8,20
AAPL,Apple Inc,Technology,38,2017Q1,2026Q2,38,0,1,38,0
ABBV,AbbVie Inc,Healthcare,38,2017Q1,2026Q2,38,0,1,38,0
ABNB,Airbnb Inc,Consumer Cyclical,26,2020Q1,2026Q2,26,0,1,12,0
ABT,Abbott Laboratories,Healthcare,38,2017Q1,2026Q2,38,0,1,38,0
ACGL,Arch Capital Group Ltd,Financial Services,38,2017Q1,2026Q2,38,0,1,15,0
ACN,Accenture PLC,Technology,38,2016Q4,2026Q1,38,0,1,38,0
ADBE,Adobe Inc,Technology,38,2016Q4,2026Q1,38,0,1,38,0
ADCT,ADC Therapeutics SA,Healthcare,25,2020Q1,2026Q2,26,1,2,0,1
ADI,Analog Devices Inc,Technology,39,2016Q4,2026Q2,39,0,1,39,0
ADM,Archer-Daniels-Midland Co,Consumer Defensive,38,2017Q1,2026Q2,38,0,1,38,0
ADP,Automatic Data Processing Inc,Technology,38,2017Q1,2026Q2,38,0,1,38,0
ADSK,Autodesk Inc,Technology,38,2016Q4,2026Q1,38,0,1,38,0
ADT,ADT Inc,Industrials,37,2017Q1,2026Q2,38,1,2,0,1
AEE,Ameren Corp,Utilities,38,2017Q1,2026Q2,38,0,1,38,0
AEP,American Electric Power Co Inc,Utilities,38,2017Q1,2026Q2,38,0,1,38,0
AES,The AES Corp,Utilities,38,2017Q1,2026Q2,38,0,1,38,0
AFL,Aflac Inc,Financial Services,38,2017Q1,2026Q2,38,0,1,38,0
AIG,American International Group Inc,Financial Services,38,2017Q1,2026Q2,38,0,1,38,0
AIV,Apartment Investment & Management Co,Real Estate,27,2019Q4,2026Q2,27,0,1,4,0
AIZ,Assurant Inc,Financial Services,38,2017Q1,2026Q2,38,0,1,38,0
AJG,Arthur J. Gallagher & Co,Financial Services,38,2017Q1,2026Q2,38,0,1,38,0
AKAM,Akamai Technologies Inc,Technology,38,2017Q1,2026Q2,38,0,1,38,0
ALB,Albemarle Corp,Basic Materials,38,2017Q1,2026Q2,38,0,1,38,0
ALGN,Align Technology Inc,Healthcare,38,2017Q1,2026Q2,38,0,1,37,0
ALK,Alaska Air Group Inc,Industrials,38,2017Q1,2026Q2,38,0,1,27,0
ALL,Allstate Corp,Financial Services,38,2017Q1,2026Q2,38,0,1,38,0
ALLE,Allegion PLC,Industrials,38,2017Q1,2026Q2,38,0,1,38,0
AMAT,Applied Materials Inc,Technology,39,2016Q4,2026Q2,39,0,1,39,0
AMCR,Amcor PLC,Consumer Cyclical,31,2018Q4,2026Q2,31,0,1,29,0
AMD,Advanced Micro Devices Inc,Technology,38,2017Q1,2026Q2,38,0,1,38,0
AME,AMETEK Inc,Industrials,38,2017Q1,2026Q2,38,0,1,38,0
AMG,Affiliated Managers Group Inc,Financial Services,38,2017Q1,2026Q2,38,0,1,11,0
AMGN,Amgen Inc,Healthcare,38,2017Q1,2026Q2,38,0,1,38,0
AMP,Ameriprise Financial Inc,Financial Services,38,2017Q1,2026Q2,38,0,1,38,0
AMT,American Tower Corp,Real Estate,38,2017Q1,2026Q2,38,0,1,38,0
AMTM,Amentum Holdings Inc,Industrials,11,2023Q4,2026Q2,11,0,1,1,0
AMZN,Amazon.com Inc,Consumer Cyclical,38,2017Q1,2026Q2,38,0,1,38,0
AN,AutoNation Inc,Consumer Cyclical,38,2017Q1,2026Q2,38,0,1,2,0
ANET,Arista Networks Inc,Technology,38,2017Q1,2026Q2,38,0,1,32,0
ANF,Abercrombie & Fitch Co,Consumer Cyclical,39,2016Q4,2026Q2,39,0,1,0,0
AON,Aon PLC,Financial Services,38,2017Q1,2026Q2,38,0,1,38,0
AOS,A.O. Smith Corp,Industrials,38,2017Q1,2026Q2,38,0,1,36,0
APA,APA Corp,Energy,38,2017Q1,2026Q2,38,0,1,38,0
APC,Arko Petroleum Corp,Energy,5,2025Q1,2026Q2,6,1,2,0,1
APD,Air Products and Chemicals Inc,Basic Materials,38,2017Q1,2026Q2,38,0,1,38,0
APH,Amphenol Corp,Technology,38,2017Q1,2026Q2,38,0,1,38,0
APO,Apollo Global Management Inc,Financial Services,38,2017Q1,2026Q2,38,0,1,7,0
APP,AppLovin Corp,Communication Services,26,2020Q1,2026Q2,26,0,1,4,0
APTV,Aptiv PLC,Consumer Cyclical,38,2017Q1,2026Q2,38,0,1,38,0
ARE,Alexandria Real Estate Equities Inc,Real Estate,38,2017Q1,2026Q2,38,0,1,38,0
ARES,Ares Management Corp,Financial Services,38,2017Q1,2026Q2,38,0,1,3,0
ATI,ATI Inc,Industrials,38,2017Q1,2026Q2,38,0,1,0,0
ATO,Atmos Energy Corp,Utilities,38,2017Q1,2026Q2,38,0,1,30,0
AVGO,Broadcom Inc,Technology,36,2017Q1,2026Q1,37,1,2,36,1
AVY,Avery Dennison Corp,Consumer Cyclical,38,2017Q1,2026Q2,38,0,1,38,0
AWK,American Water Works Co Inc,Utilities,38,2017Q1,2026Q2,38,0,1,38,0
AXON,Axon Enterprise Inc,Industrials,38,2017Q1,2026Q2,38,0,1,13,0
AXP,American Express Co,Financial Services,38,2017Q1,2026Q2,38,0,1,38,0
AYI,Acuity Inc,Industrials,38,2016Q4,2026Q1,38,0,1,6,0
AZO,AutoZone Inc,Consumer Cyclical,35,2016Q4,2026Q1,38,3,2,35,3
BA,Boeing Co,Industrials,38,2017Q1,2026Q2,38,0,1,38,0
BAC,Bank of America Corp,Financial Services,38,2017Q1,2026Q2,38,0,1,38,0
BALL,Ball Corp,Consumer Cyclical,38,2017Q1,2026Q2,38,0,1,38,0
BAX,Baxter International Inc,Healthcare,38,2017Q1,2026Q2,38,0,1,38,0
BBWI,Bath & Body Works Inc,Consumer Cyclical,38,2016Q4,2026Q1,38,0,1,32,0
BBY,Best Buy Co Inc,Consumer Cyclical,39,2016Q4,2026Q2,39,0,1,39,0
BC,Brunswick Corp,Consumer Cyclical,38,2017Q1,2026Q2,38,0,1,0,0
BDX,Becton Dickinson & Co,Healthcare,38,2017Q1,2026Q2,38,0,1,38,0
BEAM,Beam Therapeutics Inc,Healthcare,30,2019Q1,2026Q2,30,0,1,0,0
BEN,Franklin Templeton Inc,Financial Services,38,2017Q1,2026Q2,38,0,1,38,0
BF.B,Brown-Forman Corp,Consumer Defensive,39,2016Q4,2026Q2,39,0,1,39,0
BG,Bunge Global SA,Consumer Defensive,38,2017Q1,2026Q2,38,0,1,14,0
BHF,Brighthouse Financial Inc,Financial Services,38,2017Q1,2026Q2,38,0,1,7,0
BIIB,Biogen Inc,Healthcare,38,2017Q1,2026Q2,38,0,1,38,0
BIO,Bio-Rad Laboratories Inc,Healthcare,38,2017Q1,2026Q2,38,0,1,17,0
BKNG,Booking Holdings Inc,Consumer Cyclical,38,2017Q1,2026Q2,38,0,1,38,0
BKR,Baker Hughes Co,Energy,38,2017Q1,2026Q2,38,0,1,36,0
BLDR,Builders FirstSource Inc,Industrials,38,2017Q1,2026Q2,38,0,1,11,0
BLK,BlackRock Inc,Financial Services,38,2017Q1,2026Q2,38,0,1,38,0
BMY,Bristol-Myers Squibb Co,Healthcare,38,2017Q1,2026Q2,38,0,1,38,0
BNY,Bank of New York Mellon Corp,Financial Services,38,2017Q1,2026Q2,38,0,1,38,0
BR,Broadridge Financial Solutions Inc,Technology,38,2017Q1,2026Q2,38,0,1,33,0
BRK.B,Berkshire Hathaway Inc,Financial Services,38,2017Q1,2026Q2,38,0,1,38,0
BRO,Brown & Brown Inc,Financial Services,38,2017Q1,2026Q2,38,0,1,20,0
BSX,Boston Scientific Corp,Healthcare,38,2017Q1,2026Q2,38,0,1,38,0
BTU,Peabody Energy Corp,Energy,35,2017Q1,2026Q2,38,1,4,0,3
BWA,BorgWarner Inc,Consumer Cyclical,38,2017Q1,2026Q2,38,0,1,32,0
BX,Blackstone Inc,Financial Services,38,2017Q1,2026Q2,38,0,1,12,0
BXP,BXP Inc,Real Estate,38,2017Q1,2026Q2,38,0,1,38,0
C,Citigroup Inc,Financial Services,38,2017Q1,2026Q2,38,0,1,38,0
CAG,Conagra Brands Inc,Consumer Defensive,38,2016Q4,2026Q1,38,0,1,38,0
CAH,Cardinal Health Inc,Healthcare,37,2017Q1,2026Q1,37,0,1,37,0
CARR,Carrier Global Corp,Industrials,30,2019Q1,2026Q2,30,0,1,25,0
CASY,Casey's General Stores Inc,Consumer Cyclical,38,2016Q4,2026Q1,38,0,1,0,0
CAT,Caterpillar Inc,Industrials,38,2017Q1,2026Q2,38,0,1,38,0
CB,Chubb Ltd,Financial Services,38,2017Q1,2026Q2,38,0,1,38,0
CBRE,CBRE Group Inc,Real Estate,38,2017Q1,2026Q2,38,0,1,38,0
CCI,Crown Castle Inc,Real Estate,38,2017Q1,2026Q2,38,0,1,38,0
CCK,Crown Holdings Inc,Consumer Cyclical,38,2017Q1,2026Q2,38,0,1,0,0
CCL,Carnival Corporation Ltd,Consumer Cyclical,38,2016Q4,2026Q1,38,0,1,38,0
CDNS,Cadence Design Systems Inc,Technology,38,2017Q1,2026Q2,38,0,1,36,0
CDW,CDW Corp,Technology,38,2017Q1,2026Q2,38,0,1,28,0
CE,Celanese Corp,Basic Materials,38,2017Q1,2026Q2,38,0,1,25,0
CEG,Constellation Energy Corp,Utilities,22,2021Q1,2026Q2,22,0,1,18,0
CF,CF Industries Holdings Inc,Basic Materials,38,2017Q1,2026Q2,38,0,1,38,0
CFG,Citizens Financial Group Inc,Financial Services,38,2017Q1,2026Q2,38,0,1,38,0
CHD,Church & Dwight Co Inc,Consumer Defensive,38,2017Q1,2026Q2,38,0,1,38,0
CHRW,C.H. Robinson Worldwide Inc,Industrials,38,2017Q1,2026Q2,38,0,1,38,0
CHTR,Charter Communications Inc,Communication Services,38,2017Q1,2026Q2,38,0,1,38,0
CI,The Cigna Group,Healthcare,38,2017Q1,2026Q2,38,0,1,38,0
CIEN,Ciena Corp,Technology,39,2016Q4,2026Q2,39,0,1,2,0
CINF,Cincinnati Financial Corp,Financial Services,38,2017Q1,2026Q2,38,0,1,38,0
CL,Colgate-Palmolive Co,Consumer Defensive,38,2017Q1,2026Q2,38,0,1,38,0
CLF,Cleveland-Cliffs Inc,Basic Materials,38,2017Q1,2026Q2,38,0,1,0,0
CLX,Clorox Co,Consumer Defensive,38,2017Q1,2026Q2,38,0,1,38,0
CMCSA,Comcast Corp,Communication Services,38,2017Q1,2026Q2,38,0,1,38,0
CMCSK,Comcast Corp,Communication Services,38,2017Q1,2026Q2,38,0,1,0,0
CME,CME Group Inc,Financial Services,38,2017Q1,2026Q2,38,0,1,38,0
CMG,Chipotle Mexican Grill Inc,Consumer Cyclical,38,2017Q1,2026Q2,38,0,1,38,0
CMI,Cummins Inc,Industrials,38,2017Q1,2026Q2,38,0,1,38,0
CMS,CMS Energy Corp,Utilities,38,2017Q1,2026Q2,38,0,1,38,0
CNC,Centene Corp,Healthcare,38,2017Q1,2026Q2,38,0,1,38,0
CNP,CenterPoint Energy Inc,Utilities,38,2017Q1,2026Q2,38,0,1,38,0
CNX,CNX Resources Corp,Energy,38,2017Q1,2026Q2,38,0,1,0,0
COF,Capital One Financial Corp,Financial Services,38,2017Q1,2026Q2,38,0,1,38,0
COHR,Coherent Corp,Technology,37,2017Q1,2026Q1,37,0,1,1,0
COIN,Coinbase Global Inc,Financial Services,26,2020Q1,2026Q2,26,0,1,5,0
COO,The Cooper Companies Inc,Healthcare,38,2016Q4,2026Q1,38,0,1,38,0
COP,ConocoPhillips,Energy,38,2017Q1,2026Q2,38,0,1,38,0
COR,Cencora Inc,Healthcare,38,2017Q1,2026Q2,38,0,1,38,0
COST,Costco Wholesale Corp,Consumer Defensive,38,2016Q4,2026Q1,38,0,1,38,0
COTY,Coty Inc,Consumer Defensive,38,2017Q1,2026Q2,38,0,1,14,0
CPAY,Corpay Inc,Technology,38,2017Q1,2026Q2,38,0,1,33,0
CPB,The Campbell's Co,Consumer Defensive,38,2016Q4,2026Q1,38,0,1,38,0
CPRI,Capri Holdings Ltd,Consumer Cyclical,38,2017Q1,2026Q2,38,0,1,13,0
CPRT,Copart Inc,Industrials,38,2016Q4,2026Q1,38,0,1,31,0
CPT,Camden Property Trust,Real Estate,38,2017Q1,2026Q2,38,0,1,17,0
CRH,CRH PLC,Basic Materials,14,2023Q1,2026Q2,14,0,1,3,0
CRL,Charles River Laboratories International Inc,Healthcare,38,2017Q1,2026Q2,38,0,1,21,0
CRM,Salesforce Inc,Technology,38,2016Q4,2026Q1,38,0,1,38,0
CRWD,CrowdStrike Holdings Inc,Technology,33,2018Q1,2026Q1,33,0,1,8,0
CSCO,Cisco Systems Inc,Technology,39,2016Q4,2026Q2,39,0,1,39,0
CSGP,CoStar Group Inc,Real Estate,38,2017Q1,2026Q2,38,0,1,16,0
CSX,CSX Corp,Industrials,38,2017Q1,2026Q2,38,0,1,38,0
CTAS,Cintas Corp,Industrials,38,2016Q4,2026Q1,38,0,1,38,0
CTSH,Cognizant Technology Solutions Corp,Technology,38,2017Q1,2026Q2,38,0,1,38,0
CTVA,Corteva Inc,Basic Materials,34,2018Q1,2026Q2,34,0,1,29,0
CVNA,Carvana Co,Consumer Cyclical,38,2017Q1,2026Q2,38,0,1,3,0
CVS,CVS Health Corp,Healthcare,38,2017Q1,2026Q2,38,0,1,38,0
CVX,Chevron Corp,Energy,38,2017Q1,2026Q2,38,0,1,38,0
CZR,Caesars Entertainment Inc,Consumer Cyclical,38,2017Q1,2026Q2,38,0,1,18,0
D,Dominion Energy Inc,Utilities,38,2017Q1,2026Q2,38,0,1,38,0
DAL,Delta Air Lines Inc,Industrials,38,2017Q1,2026Q2,38,0,1,38,0
DASH,DoorDash Inc,Consumer Cyclical,26,2020Q1,2026Q2,26,0,1,6,0
DD,DuPont de Nemours Inc,Basic Materials,38,2017Q1,2026Q2,38,0,1,31,0
DDOG,Datadog Inc,Technology,32,2018Q3,2026Q2,32,0,1,4,0
DE,Deere & Co,Industrials,38,2016Q4,2026Q1,38,0,1,38,0
DECK,Deckers Outdoor Corp,Consumer Cyclical,38,2017Q1,2026Q2,38,0,1,10,0
DELL,Dell Technologies Inc,Technology,38,2016Q4,2026Q1,38,0,1,7,0
DG,Dollar General Corp,Consumer Defensive,38,2016Q4,2026Q1,38,0,1,38,0
DGX,Quest Diagnostics Inc,Healthcare,38,2017Q1,2026Q2,38,0,1,38,0
DHI,D.R. Horton Inc,Consumer Cyclical,38,2017Q1,2026Q2,38,0,1,38,0
DHR,Danaher Corp,Healthcare,38,2017Q1,2026Q2,38,0,1,38,0
DIS,The Walt Disney Co,Communication Services,38,2017Q1,2026Q2,38,0,1,38,0
DISCK,Warner Bros.Discovery Inc,Communication Services,38,2017Q1,2026Q2,38,0,1,21,0
DLR,Digital Realty Trust Inc,Real Estate,38,2017Q1,2026Q2,38,0,1,38,0
DLTR,Dollar Tree Inc,Consumer Defensive,38,2016Q4,2026Q1,38,0,1,38,0
DOC,Healthpeak Properties Inc,Real Estate,38,2017Q1,2026Q2,38,0,1,38,0
DOV,Dover Corp,Industrials,38,2017Q1,2026Q2,38,0,1,38,0
DOW,Dow Inc,Basic Materials,34,2018Q1,2026Q2,34,0,1,29,0
DPZ,Domino's Pizza Inc,Consumer Cyclical,19,2017Q2,2026Q2,37,18,2,13,18
DRI,Darden Restaurants Inc,Consumer Cyclical,38,2016Q4,2026Q1,38,0,1,38,0
DTE,DTE Energy Co,Utilities,38,2017Q1,2026Q2,38,0,1,38,0
DTV,DTE Energy Co,Utilities,38,2017Q1,2026Q2,38,0,1,0,0
DUK,Duke Energy Corp,Utilities,38,2017Q1,2026Q2,38,0,1,38,0
DV,DoubleVerify Holdings Inc,Communication Services,26,2020Q1,2026Q2,26,0,1,0,0
DVA,DaVita Inc,Healthcare,38,2017Q1,2026Q2,38,0,1,38,0
DVN,Devon Energy Corp,Energy,38,2017Q1,2026Q2,38,0,1,38,0
DXC,DXC Technology Co,Technology,38,2017Q1,2026Q2,38,0,1,26,0
DXCM,DexCom Inc,Healthcare,38,2017Q1,2026Q2,38,0,1,25,0
DYN,Dyne Therapeutics Inc,Healthcare,28,2019Q3,2026Q2,28,0,1,0,0
EA,Electronic Arts Inc,Communication Services,38,2017Q1,2026Q2,38,0,1,38,0
EBAY,eBay Inc,Consumer Cyclical,38,2017Q1,2026Q2,38,0,1,38,0
ECHO,EchoStar Corp,Communication Services,38,2017Q1,2026Q2,38,0,1,2,0
ECL,Ecolab Inc,Basic Materials,38,2017Q1,2026Q2,38,0,1,38,0
ED,Consolidated Edison Inc,Utilities,38,2017Q1,2026Q2,38,0,1,38,0
EFX,Equifax Inc,Industrials,38,2017Q1,2026Q2,38,0,1,38,0
EG,Everest Group Ltd,Financial Services,38,2017Q1,2026Q2,38,0,1,37,0
EIX,Edison International,Utilities,38,2017Q1,2026Q2,38,0,1,38,0
EL,The Estee Lauder Companies Inc,Consumer Defensive,38,2017Q1,2026Q2,38,0,1,38,0
ELV,Elevance Health Inc,Healthcare,38,2017Q1,2026Q2,38,0,1,38,0
EME,EMCOR Group Inc,Industrials,38,2017Q1,2026Q2,38,0,1,4,0
EMN,Eastman Chemical Co,Basic Materials,38,2017Q1,2026Q2,38,0,1,35,0
EMR,Emerson Electric Co,Industrials,38,2017Q1,2026Q2,38,0,1,38,0
ENPH,Enphase Energy Inc,Technology,38,2017Q1,2026Q2,38,0,1,18,0
EOG,EOG Resources Inc,Energy,38,2017Q1,2026Q2,38,0,1,38,0
EP,Empire Petroleum Corp,Energy,38,2017Q1,2026Q2,38,0,1,0,0
EPAM,EPAM Systems Inc,Technology,38,2017Q1,2026Q2,38,0,1,18,0
EQIX,Equinix Inc,Real Estate,38,2017Q1,2026Q2,38,0,1,38,0
EQR,Equity Residential,Real Estate,38,2017Q1,2026Q2,38,0,1,38,0
EQT,EQT Corp,Energy,38,2017Q1,2026Q2,38,0,1,22,0
ERIE,Erie Indemnity Co,Financial Services,38,2017Q1,2026Q2,38,0,1,8,0
ES,Eversource Energy,Utilities,38,2017Q1,2026Q2,38,0,1,38,0
ESS,Essex Property Trust Inc,Real Estate,38,2017Q1,2026Q2,38,0,1,38,0
ETN,Eaton Corp PLC,Industrials,38,2017Q1,2026Q2,38,0,1,38,0
ETR,Entergy Corp,Utilities,38,2017Q1,2026Q2,38,0,1,38,0
ETSY,Etsy Inc,Consumer Cyclical,38,2017Q1,2026Q2,38,0,1,16,0
EVRG,Evergy Inc,Utilities,38,2017Q1,2026Q2,38,0,1,33,0
EW,Edwards Lifesciences Corp,Healthcare,38,2017Q1,2026Q2,38,0,1,38,0
EXC,Exelon Corp,Utilities,38,2017Q1,2026Q2,38,0,1,38,0
EXE,Expand Energy Corp,Energy,38,2017Q1,2026Q2,38,0,1,6,0
EXPD,Expeditors International of Washington Inc,Industrials,38,2017Q1,2026Q2,38,0,1,38,0
EXPE,Expedia Group Inc,Consumer Cyclical,38,2017Q1,2026Q2,38,0,1,38,0
EXR,Extra Space Storage Inc,Real Estate,38,2017Q1,2026Q2,38,0,1,38,0
F,Ford Motor Co,Consumer Cyclical,38,2017Q1,2026Q2,38,0,1,38,0
FANG,Diamondback Energy Inc,Energy,38,2017Q1,2026Q2,38,0,1,31,0
FAST,Fastenal Co,Industrials,38,2017Q1,2026Q2,38,0,1,38,0
FCX,Freeport-McMoRan Inc,Basic Materials,38,2017Q1,2026Q2,38,0,1,38,0
FDS,FactSet Research Systems Inc,Financial Services,38,2016Q4,2026Q1,38,0,1,18,0
FDX,FedEx Corp,Industrials,38,2016Q4,2026Q1,38,0,1,38,0
FE,FirstEnergy Corp,Utilities,38,2017Q1,2026Q2,38,0,1,38,0
FFIV,F5 Inc,Technology,38,2017Q1,2026Q2,38,0,1,38,0
FHN,First Horizon Corp,Financial Services,38,2017Q1,2026Q2,38,0,1,0,0
FICO,Fair Isaac Corp,Technology,38,2017Q1,2026Q2,38,0,1,14,0
FIS,Fidelity National Information Services Inc,Technology,38,2017Q1,2026Q2,38,0,1,38,0
FISV,Fiserv Inc,Technology,38,2017Q1,2026Q2,38,0,1,38,0
FITB,Fifth Third Bancorp,Financial Services,38,2017Q1,2026Q2,38,0,1,38,0
FIX,Comfort Systems USA Inc,Industrials,38,2017Q1,2026Q2,38,0,1,3,0
FLEX,Flex Ltd,Technology,38,2017Q1,2026Q2,38,0,1,1,0
FLR,Fluor Corp,Industrials,38,2017Q1,2026Q2,38,0,1,9,0
FLS,Flowserve Corp,Industrials,38,2017Q1,2026Q2,38,0,1,16,0
FMC,FMC Corp,Basic Materials,38,2017Q1,2026Q2,38,0,1,32,0
FOSL,Fossil Group Inc,Consumer Cyclical,38,2017Q1,2026Q2,38,0,1,0,0
FOX,Fox Corp,Communication Services,35,2017Q4,2026Q2,35,0,1,30,0
FOXA,Fox Corp,Communication Services,35,2017Q4,2026Q2,35,0,1,30,0
FRT,Federal Realty Investment Trust,Real Estate,38,2017Q1,2026Q2,38,0,1,38,0
FSLR,First Solar Inc,Technology,38,2017Q1,2026Q2,38,0,1,15,0
FTI,TechnipFMC PLC,Energy,38,2017Q1,2026Q2,38,0,1,16,0
FTNT,Fortinet Inc,Technology,38,2017Q1,2026Q2,38,0,1,31,0
FTV,Fortive Corp,Technology,38,2017Q1,2026Q2,38,0,1,38,0
GD,General Dynamics Corp,Industrials,38,2017Q1,2026Q2,38,0,1,38,0
GDDY,GoDaddy Inc,Technology,38,2017Q1,2026Q2,38,0,1,9,0
GE,GE Aerospace,Industrials,38,2017Q1,2026Q2,38,0,1,38,0
GEHC,GE HealthCare Technologies Inc,Healthcare,18,2022Q1,2026Q2,18,0,1,14,0
GEN,Gen Digital Inc,Technology,38,2017Q1,2026Q2,38,0,1,38,0
GEV,GE Vernova Inc,Industrials,14,2023Q1,2026Q2,14,0,1,9,0
GHC,Graham Holdings Co,Industrials,38,2017Q1,2026Q2,38,0,1,0,0
GILD,Gilead Sciences Inc,Healthcare,38,2017Q1,2026Q2,38,0,1,38,0
GIS,General Mills Inc,Consumer Defensive,38,2016Q4,2026Q1,38,0,1,38,0
GL,Globe Life Inc,Financial Services,38,2017Q1,2026Q2,38,0,1,38,0
GLW,Corning Inc,Technology,38,2017Q1,2026Q2,38,0,1,38,0
GM,General Motors Co,Consumer Cyclical,38,2017Q1,2026Q2,38,0,1,38,0
GME,GameStop Corp,Consumer Cyclical,38,2016Q4,2026Q1,38,0,1,0,0
GNRC,Generac Holdings Inc,Industrials,38,2017Q1,2026Q2,38,0,1,22,0
GNW,Genworth Financial Inc,Financial Services,38,2017Q1,2026Q2,38,0,1,0,0
GOOG,Alphabet Inc,Communication Services,38,2017Q1,2026Q2,38,0,1,38,0
GOOGL,Alphabet Inc,Communication Services,38,2017Q1,2026Q2,38,0,1,38,0
GPC,Genuine Parts Co,Consumer Cyclical,38,2017Q1,2026Q2,38,0,1,38,0
GPN,Global Payments Inc,Industrials,38,2017Q1,2026Q2,38,0,1,38,0
GRMN,Garmin Ltd,Technology,38,2017Q1,2026Q2,38,0,1,38,0
GS,The Goldman Sachs Group Inc,Financial Services,38,2017Q1,2026Q2,38,0,1,38,0
GT,Goodyear Tire & Rubber Co,Consumer Cyclical,38,2017Q1,2026Q2,38,0,1,8,0
GWW,W.W. Grainger Inc,Industrials,38,2017Q1,2026Q2,38,0,1,38,0
HAL,Halliburton Co,Energy,38,2017Q1,2026Q2,38,0,1,38,0
HAS,Hasbro Inc,Consumer Cyclical,38,2017Q1,2026Q2,38,0,1,38,0
HBAN,Huntington Bancshares Inc,Financial Services,38,2017Q1,2026Q2,38,0,1,38,0
HCA,HCA Healthcare Inc,Healthcare,38,2017Q1,2026Q2,38,0,1,38,0
HD,The Home Depot Inc,Consumer Cyclical,38,2016Q4,2026Q1,38,0,1,38,0
HIG,The Hartford Insurance Group Inc,Financial Services,38,2017Q1,2026Q2,38,0,1,38,0
HII,Huntington Ingalls Industries Inc,Industrials,38,2017Q1,2026Q2,38,0,1,34,0
HLT,Hilton Worldwide Holdings Inc,Consumer Cyclical,38,2017Q1,2026Q2,38,0,1,37,0
HOG,Harley-Davidson Inc,Consumer Cyclical,38,2017Q1,2026Q2,38,0,1,13,0
HON,Honeywell International Inc,Industrials,38,2017Q1,2026Q2,38,0,1,38,0
HONA,Honeywell Aerospace Inc,Industrials,1,2025Q4,2025Q4,1,0,,0,0
HOOD,Robinhood Markets Inc,Financial Services,25,2020Q2,2026Q2,25,0,1,4,0
HP,Helmerich & Payne Inc,Energy,38,2017Q1,2026Q2,38,0,1,13,0
HPE,Hewlett Packard Enterprise Co,Technology,39,2016Q4,2026Q2,39,0,1,39,0
HPQ,HP Inc,Technology,38,2016Q4,2026Q1,38,0,1,38,0
HRB,H&R Block Inc,Consumer Cyclical,37,2016Q4,2026Q1,38,1,2,15,1
HRL,Hormel Foods Corp,Consumer Defensive,38,2016Q4,2026Q1,38,0,1,38,0
HSIC,Henry Schein Inc,Healthcare,38,2017Q1,2026Q2,38,0,1,38,0
HST,Host Hotels & Resorts Inc,Real Estate,38,2017Q1,2026Q2,38,0,1,38,0
HSY,The Hershey Co,Consumer Defensive,38,2017Q1,2026Q2,38,0,1,38,0
HUBB,Hubbell Inc,Industrials,38,2017Q1,2026Q2,38,0,1,11,0
HUM,Humana Inc,Healthcare,38,2017Q1,2026Q2,38,0,1,38,0
HWM,Howmet Aerospace Inc,Industrials,38,2017Q1,2026Q2,38,0,1,38,0
IBKR,Interactive Brokers Group Inc,Financial Services,38,2017Q1,2026Q2,38,0,1,4,0
IBM,International Business Machines Corp,Technology,38,2017Q1,2026Q2,38,0,1,38,0
ICE,Intercontinental Exchange Inc,Financial Services,38,2017Q1,2026Q2,38,0,1,38,0
IDXX,IDEXX Laboratories Inc,Healthcare,38,2017Q1,2026Q2,38,0,1,38,0
IEX,IDEX Corp,Industrials,38,2017Q1,2026Q2,38,0,1,28,0
IFF,International Flavors & Fragrances Inc,Basic Materials,38,2017Q1,2026Q2,38,0,1,38,0
ILMN,Illumina Inc,Healthcare,38,2017Q1,2026Q2,38,0,1,29,0
INCY,Incyte Corp,Healthcare,38,2017Q1,2026Q2,38,0,1,38,0
INTC,Intel Corp,Technology,38,2017Q1,2026Q2,38,0,1,38,0
INTU,Intuit Inc,Technology,38,2016Q4,2026Q1,38,0,1,38,0
INVH,Invitation Homes Inc,Real Estate,38,2017Q1,2026Q2,38,0,1,16,0
IP,International Paper Co,Consumer Cyclical,38,2017Q1,2026Q2,38,0,1,38,0
IPGP,IPG Photonics Corp,Technology,38,2017Q1,2026Q2,38,0,1,17,0
IQV,IQVIA Holdings Inc,Healthcare,38,2017Q1,2026Q2,38,0,1,36,0
IR,Ingersoll Rand Inc,Industrials,38,2017Q1,2026Q2,38,0,1,38,0
IRM,Iron Mountain Inc,Real Estate,38,2017Q1,2026Q2,38,0,1,38,0
ISRG,Intuitive Surgical Inc,Healthcare,38,2017Q1,2026Q2,38,0,1,38,0
IT,Gartner Inc,Technology,38,2017Q1,2026Q2,38,0,1,37,0
ITT,ITT Inc,Industrials,38,2017Q1,2026Q2,38,0,1,0,0
ITW,Illinois Tool Works Inc,Industrials,38,2017Q1,2026Q2,38,0,1,38,0
IVZ,Invesco Ltd,Financial Services,38,2017Q1,2026Q2,38,0,1,38,0
J,Jacobs Solutions Inc,Industrials,38,2017Q1,2026Q2,38,0,1,38,0
JBHT,JB Hunt Transport Services Inc,Industrials,38,2017Q1,2026Q2,38,0,1,38,0
JBL,Jabil Inc,Technology,38,2016Q4,2026Q1,38,0,1,10,0
JCI,Johnson Controls International PLC,Industrials,38,2017Q1,2026Q2,38,0,1,38,0
JEF,Jefferies Financial Group Inc,Financial Services,37,2017Q1,2026Q1,37,1,1,10,0
JKHY,Jack Henry & Associates Inc,Technology,38,2017Q1,2026Q2,38,0,1,31,0
JNJ,Johnson & Johnson,Healthcare,38,2017Q1,2026Q2,38,0,1,38,0
JPM,JPMorgan Chase & Co,Financial Services,38,2017Q1,2026Q2,38,0,1,38,0
KBH,KB Home,Consumer Cyclical,38,2016Q4,2026Q1,38,0,1,0,0
KDP,Keurig Dr Pepper Inc,Consumer Defensive,38,2017Q1,2026Q2,38,0,1,17,0
KEY,KeyCorp,Financial Services,38,2017Q1,2026Q2,38,0,1,38,0
KEYS,Keysight Technologies Inc,Technology,39,2016Q4,2026Q2,39,0,1,31,0
KG,Kestrel Group Ltd,Financial Services,9,2024Q2,2026Q2,9,0,1,0,0
KHC,The Kraft Heinz Co,Consumer Defensive,38,2017Q1,2026Q2,38,0,1,38,0
KIM,Kimco Realty Corp,Real Estate,38,2017Q1,2026Q2,38,0,1,38,0
KKR,KKR & Co Inc,Financial Services,38,2017Q1,2026Q2,38,0,1,9,0
KLAC,KLA Corp,Technology,38,2017Q1,2026Q2,38,0,1,38,0
KMB,Kimberly-Clark Corp,Consumer Defensive,38,2017Q1,2026Q2,38,0,1,38,0
KMI,Kinder Morgan Inc,Energy,38,2017Q1,2026Q2,38,0,1,38,0
KMX,CarMax Inc,Consumer Cyclical,38,2016Q4,2026Q1,38,0,1,36,0
KO,Coca-Cola Co,Consumer Defensive,38,2017Q1,2026Q2,38,0,1,38,0
KR,The Kroger Co,Consumer Defensive,13,2016Q4,2025Q4,37,9,4,13,24
KSS,Kohl's Corp,Consumer Cyclical,39,2016Q4,2026Q2,39,0,1,15,0
KVUE,Kenvue Inc,Consumer Defensive,18,2022Q1,2026Q2,18,0,1,12,0
L,Loews Corp,Financial Services,38,2017Q1,2026Q2,38,0,1,38,0
LDOS,Leidos Holdings Inc,Technology,38,2017Q1,2026Q2,38,0,1,28,0
LEG,Leggett & Platt Inc,Consumer Cyclical,38,2017Q1,2026Q2,38,0,1,19,0
LEN,Lennar Corp,Consumer Cyclical,38,2016Q4,2026Q1,38,0,1,38,0
LH,Labcorp Holdings Inc,Healthcare,38,2017Q1,2026Q2,38,0,1,38,0
LHX,L3Harris Technologies Inc,Industrials,38,2017Q1,2026Q2,38,0,1,38,0
LIFE,Ethos Technologies Inc,Financial Services,5,2025Q1,2026Q2,6,1,2,0,1
LII,Lennox International Inc,Industrials,38,2017Q1,2026Q2,38,0,1,7,0
LIN,Linde PLC,Basic Materials,38,2017Q1,2026Q2,38,0,1,38,0
LITE,Lumentum Holdings Inc,Technology,37,2017Q1,2026Q1,37,0,1,1,0
LKQ,LKQ Corp,Consumer Cyclical,38,2017Q1,2026Q2,38,0,1,35,0
LLY,Eli Lilly and Co,Healthcare,38,2017Q1,2026Q2,38,0,1,38,0
LMT,Lockheed Martin Corp,Industrials,38,2017Q1,2026Q2,38,0,1,38,0
LNC,Lincoln National Corp,Financial Services,38,2017Q1,2026Q2,38,0,1,26,0
LNT,Alliant Energy Corp,Utilities,38,2017Q1,2026Q2,38,0,1,38,0
LOW,Lowe's Companies Inc,Consumer Cyclical,38,2016Q4,2026Q1,38,0,1,38,0
LRCX,Lam Research Corp,Technology,38,2017Q1,2026Q2,38,0,1,38,0
LULU,Lululemon Athletica Inc,Consumer Cyclical,39,2016Q4,2026Q2,39,0,1,11,0
LUMN,Lumen Technologies Inc,Communication Services,38,2017Q1,2026Q2,38,0,1,24,0
LUV,Southwest Airlines Co,Industrials,38,2017Q1,2026Q2,38,0,1,38,0
LVS,Las Vegas Sands Corp,Consumer Cyclical,38,2017Q1,2026Q2,38,0,1,27,0
LW,Lamb Weston Holdings Inc,Consumer Defensive,38,2016Q4,2026Q1,38,0,1,29,0
LYB,LyondellBasell Industries NV,Basic Materials,38,2017Q1,2026Q2,38,0,1,38,0
LYV,Live Nation Entertainment Inc,Communication Services,38,2017Q1,2026Q2,38,0,1,27,0
M,Macy's Inc,Consumer Cyclical,38,2016Q4,2026Q1,38,0,1,14,0
MA,Mastercard Inc,Financial Services,38,2017Q1,2026Q2,38,0,1,38,0
MAA,Mid-America Apartment Communities Inc,Real Estate,35,2017Q1,2026Q2,38,1,4,35,3
MAC,Macerich Co,Real Estate,38,2017Q1,2026Q2,38,0,1,11,0
MAR,Marriott International Inc,Consumer Cyclical,38,2017Q1,2026Q2,38,0,1,38,0
MAS,Masco Corp,Industrials,38,2017Q1,2026Q2,38,0,1,38,0
MAT,Mattel Inc,Consumer Cyclical,38,2017Q1,2026Q2,38,0,1,9,0
MBC,MasterBrand Inc,Consumer Cyclical,18,2022Q1,2026Q2,18,0,1,0,0
MBI,MBIA Inc,Financial Services,38,2017Q1,2026Q2,38,0,1,0,0
MCD,McDonald's Corp,Consumer Cyclical,38,2017Q1,2026Q2,38,0,1,38,0
MCHP,Microchip Technology Inc,Technology,38,2017Q1,2026Q2,38,0,1,38,0
MCK,McKesson Corp,Healthcare,38,2017Q1,2026Q2,38,0,1,38,0
MCO,Moodys Corp,Financial Services,38,2017Q1,2026Q2,38,0,1,38,0
MDLZ,Mondelez International Inc,Consumer Defensive,38,2017Q1,2026Q2,38,0,1,38,0
MDT,Medtronic PLC,Healthcare,39,2016Q4,2026Q2,39,0,1,39,0
MET,MetLife Inc,Financial Services,38,2017Q1,2026Q2,38,0,1,38,0
META,Meta Platforms Inc,Communication Services,38,2017Q1,2026Q2,38,0,1,38,0
MGM,MGM Resorts International,Consumer Cyclical,38,2017Q1,2026Q2,38,0,1,36,0
MHK,Mohawk Industries Inc,Consumer Cyclical,38,2017Q1,2026Q2,38,0,1,35,0
MKC,McCormick & Co Inc,Consumer Defensive,38,2016Q4,2026Q1,38,0,1,38,0
MKTX,MarketAxess Holdings Inc,Financial Services,38,2017Q1,2026Q2,38,0,1,24,0
MLM,Martin Marietta Materials Inc,Basic Materials,38,2017Q1,2026Q2,38,0,1,38,0
MMI,Marcus & Millichap Inc,Real Estate,38,2017Q1,2026Q2,38,0,1,0,0
MMM,3M Co,Industrials,38,2017Q1,2026Q2,38,0,1,38,0
MNST,Monster Beverage Corp,Consumer Defensive,38,2017Q1,2026Q2,38,0,1,38,0
MO,Altria Group Inc,Consumer Defensive,38,2017Q1,2026Q2,38,0,1,38,0
MOH,Molina Healthcare Inc,Healthcare,38,2017Q1,2026Q2,38,0,1,16,0
MOS,The Mosaic Co,Basic Materials,38,2017Q1,2026Q2,38,0,1,38,0
MPC,Marathon Petroleum Corp,Energy,38,2017Q1,2026Q2,38,0,1,38,0
MPWR,Monolithic Power Systems Inc,Technology,38,2017Q1,2026Q2,38,0,1,22,0
MRK,Merck & Co Inc,Healthcare,38,2017Q1,2026Q2,38,0,1,38,0
MRNA,Moderna Inc,Healthcare,34,2018Q1,2026Q2,34,0,1,20,0
MRSH,Marsh,Financial Services,38,2017Q1,2026Q2,38,0,1,38,0
MRVL,Marvell Technology Inc,Technology,38,2016Q4,2026Q1,38,0,1,0,0
MS,Morgan Stanley,Financial Services,38,2017Q1,2026Q2,38,0,1,38,0
MSCI,MSCI Inc,Financial Services,38,2017Q1,2026Q2,38,0,1,33,0
MSFT,Microsoft Corp,Technology,38,2017Q1,2026Q2,38,0,1,38,0
MSI,Motorola Solutions Inc,Technology,38,2017Q1,2026Q2,38,0,1,38,0
MTB,M&T Bank Corp,Financial Services,38,2017Q1,2026Q2,38,0,1,38,0
MTCH,Match Group Inc,Communication Services,38,2017Q1,2026Q2,38,0,1,18,0
MTD,Mettler-Toledo International Inc,Healthcare,38,2017Q1,2026Q2,38,0,1,38,0
MU,Micron Technology Inc,Technology,38,2016Q4,2026Q1,38,0,1,38,0
MUR,Murphy Oil Corp,Energy,38,2017Q1,2026Q2,38,0,1,2,0
NAVI,Navient Corp,Financial Services,38,2017Q1,2026Q2,38,0,1,5,0
NBR,Nabors Industries Ltd,Energy,38,2017Q1,2026Q2,38,0,1,0,0
NCLH,Norwegian Cruise Line Holdings Ltd,Consumer Cyclical,38,2017Q1,2026Q2,38,0,1,35,0
NDAQ,Nasdaq Inc,Financial Services,38,2017Q1,2026Q2,38,0,1,38,0
NDSN,Nordson Corp,Industrials,39,2016Q4,2026Q2,39,0,1,18,0
NE,Noble Corp PLC,Energy,20,2021Q3,2026Q2,20,0,1,0,0
NEE,NextEra Energy Inc,Utilities,38,2017Q1,2026Q2,38,0,1,38,0
NEM,Newmont Corp,Basic Materials,38,2017Q1,2026Q2,38,0,1,38,0
NFLX,Netflix Inc,Communication Services,38,2017Q1,2026Q2,38,0,1,38,0
NI,NiSource Inc,Utilities,38,2017Q1,2026Q2,38,0,1,38,0
NKE,Nike Inc,Consumer Cyclical,38,2016Q4,2026Q1,38,0,1,38,0
NKTR,Nektar Therapeutics,Healthcare,38,2017Q1,2026Q2,38,0,1,7,0
NOC,Northrop Grumman Corp,Industrials,38,2017Q1,2026Q2,38,0,1,38,0
NOV,NOV Inc,Energy,38,2017Q1,2026Q2,38,0,1,18,0
NOW,ServiceNow Inc,Technology,38,2017Q1,2026Q2,38,0,1,27,0
NRG,NRG Energy Inc,Utilities,38,2017Q1,2026Q2,38,0,1,38,0
NSC,Norfolk Southern Corp,Industrials,38,2017Q1,2026Q2,38,0,1,38,0
NTAP,NetApp Inc,Technology,39,2016Q4,2026Q2,39,0,1,39,0
NTRS,Northern Trust Corp,Financial Services,38,2017Q1,2026Q2,38,0,1,38,0
NUE,Nucor Corp,Basic Materials,38,2017Q1,2026Q2,38,0,1,38,0
NVDA,NVIDIA Corp,Technology,38,2016Q4,2026Q1,38,0,1,38,0
NVR,NVR Inc,Consumer Cyclical,38,2017Q1,2026Q2,38,0,1,28,0
NWL,Newell Brands Inc,Consumer Defensive,38,2017Q1,2026Q2,38,0,1,26,0
NWS,News Corp,Communication Services,38,2017Q1,2026Q2,38,0,1,38,0
NWSA,News Corp,Communication Services,38,2017Q1,2026Q2,38,0,1,38,0
NXPI,NXP Semiconductors NV,Technology,32,2018Q3,2026Q2,32,0,1,22,0
NYT,New York Times Co,Communication Services,38,2017Q1,2026Q2,38,0,1,0,0
O,Realty Income Corp,Real Estate,38,2017Q1,2026Q2,38,0,1,38,0
ODFL,Old Dominion Freight Line Inc,Industrials,38,2017Q1,2026Q2,38,0,1,27,0
OGN,Organon & Co,Healthcare,26,2020Q1,2026Q2,26,0,1,10,0
OI,O-I Glass Inc,Consumer Cyclical,38,2017Q1,2026Q2,38,0,1,0,0
OKE,ONEOK Inc,Energy,38,2017Q1,2026Q2,38,0,1,38,0
OMC,Omnicom Group Inc,Communication Services,38,2017Q1,2026Q2,38,0,1,38,0
ON,ON Semiconductor Corp,Technology,38,2017Q1,2026Q2,38,0,1,17,0
ORCL,Oracle Corp,Technology,38,2016Q4,2026Q1,38,0,1,38,0
ORLY,O'Reilly Automotive Inc,Consumer Cyclical,38,2017Q1,2026Q2,38,0,1,38,0
OTIS,Otis Worldwide Corp,Industrials,30,2019Q1,2026Q2,30,0,1,25,0
OXY,Occidental Petroleum Corp,Energy,38,2017Q1,2026Q2,38,0,1,38,0
PANW,Palo Alto Networks Inc,Technology,38,2016Q4,2026Q1,38,0,1,12,0
PAYC,Paycom Software Inc,Technology,38,2017Q1,2026Q2,38,0,1,24,0
PAYX,Paychex Inc,Technology,38,2016Q4,2026Q1,38,0,1,38,0
PBI,Pitney Bowes Inc,Industrials,38,2017Q1,2026Q2,38,0,1,0,0
PCAR,PACCAR Inc,Industrials,38,2017Q1,2026Q2,38,0,1,38,0
PCG,PG&E Corp,Utilities,38,2017Q1,2026Q2,38,0,1,23,0
PEG,Public Service Enterprise Group Inc,Utilities,38,2017Q1,2026Q2,38,0,1,38,0
PENN,PENN Entertainment Inc,Consumer Cyclical,38,2017Q1,2026Q2,38,0,1,6,0
PEP,PepsiCo Inc,Consumer Defensive,35,2017Q1,2026Q2,38,3,2,35,3
PFE,Pfizer Inc,Healthcare,38,2017Q1,2026Q2,38,0,1,38,0
PFG,Principal Financial Group Inc,Financial Services,38,2017Q1,2026Q2,38,0,1,38,0
PG,Procter & Gamble Co,Consumer Defensive,38,2017Q1,2026Q2,38,0,1,38,0
PGR,Progressive Corp,Financial Services,38,2017Q1,2026Q2,38,0,1,38,0
PH,Parker Hannifin Corp,Industrials,38,2017Q1,2026Q2,38,0,1,38,0
PHM,PulteGroup Inc,Consumer Cyclical,38,2017Q1,2026Q2,38,0,1,38,0
PKG,Packaging Corp of America,Consumer Cyclical,38,2017Q1,2026Q2,38,0,1,36,0
PLD,Prologis Inc,Real Estate,38,2017Q1,2026Q2,38,0,1,38,0
PLTR,Palantir Technologies Inc,Technology,28,2019Q3,2026Q2,28,0,1,8,0
PM,Philip Morris International Inc,Consumer Defensive,38,2017Q1,2026Q2,38,0,1,38,0
PNC,PNC Financial Services Group Inc,Financial Services,38,2017Q1,2026Q2,38,0,1,38,0
PNR,Pentair PLC,Industrials,38,2017Q1,2026Q2,38,0,1,38,0
PNW,Pinnacle West Capital Corp,Utilities,38,2017Q1,2026Q2,38,0,1,38,0
PODD,Insulet Corp,Healthcare,38,2017Q1,2026Q2,38,0,1,14,0
POOL,Pool Corp,Industrials,38,2017Q1,2026Q2,38,0,1,22,0
PPG,PPG Industries Inc,Basic Materials,38,2017Q1,2026Q2,38,0,1,38,0
PPL,PPL Corp,Utilities,38,2017Q1,2026Q2,38,0,1,38,0
PRGO,Perrigo Co PLC,Healthcare,38,2017Q1,2026Q2,38,0,1,18,0
PRU,Prudential Financial Inc,Financial Services,38,2017Q1,2026Q2,38,0,1,38,0
PSA,Public Storage,Real Estate,38,2017Q1,2026Q2,38,0,1,38,0
PSKY,Paramount Skydance Corp,Communication Services,38,2017Q1,2026Q2,38,0,1,38,0
PSX,Phillips 66,Energy,38,2017Q1,2026Q2,38,0,1,38,0
PTC,PTC Inc,Technology,38,2017Q1,2026Q2,38,0,1,21,0
PVH,PVH Corp,Consumer Cyclical,38,2016Q4,2026Q2,39,1,2,22,1
PWR,Quanta Services Inc,Industrials,38,2017Q1,2026Q2,38,0,1,38,0
PYPL,PayPal Holdings Inc,Financial Services,38,2017Q1,2026Q2,38,0,1,38,0
Q,Qnity Electronics Inc,Technology,8,2024Q3,2026Q2,8,0,1,3,0
QCOM,Qualcomm Inc,Technology,38,2017Q1,2026Q2,38,0,1,38,0
QRVO,Qorvo Inc,Technology,38,2017Q1,2026Q2,38,0,1,31,0
R,Ryder System Inc,Industrials,38,2017Q1,2026Q2,38,0,1,1,0
RCL,Royal Caribbean Group,Consumer Cyclical,38,2017Q1,2026Q2,38,0,1,38,0
REG,Regency Centers Corp,Real Estate,38,2017Q1,2026Q2,38,0,1,38,0
REGN,Regeneron Pharmaceuticals Inc,Healthcare,38,2017Q1,2026Q2,38,0,1,38,0
RF,Regions Financial Corp,Financial Services,38,2017Q1,2026Q2,38,0,1,38,0
RHI,Robert Half Inc,Industrials,38,2017Q1,2026Q2,38,0,1,29,0
RIG,Transocean Ltd,Energy,38,2017Q1,2026Q2,38,0,1,2,0
RJF,Raymond James Financial Inc,Financial Services,38,2017Q1,2026Q2,38,0,1,38,0
RL,Ralph Lauren Corp,Consumer Cyclical,38,2017Q1,2026Q2,38,0,1,38,0
RMD,ResMed Inc,Healthcare,37,2017Q1,2026Q1,37,0,1,35,0
ROK,Rockwell Automation Inc,Industrials,38,2017Q1,2026Q2,38,0,1,38,0
ROL,Rollins Inc,Consumer Cyclical,38,2017Q1,2026Q2,38,0,1,31,0
ROP,Roper Technologies Inc,Technology,38,2017Q1,2026Q2,38,0,1,38,0
ROST,Ross Stores Inc,Consumer Cyclical,39,2016Q4,2026Q2,39,0,1,39,0
RRC,Range Resources Corp,Energy,38,2017Q1,2026Q2,38,0,1,5,0
RSG,Republic Services Inc,Industrials,38,2017Q1,2026Q2,38,0,1,38,0
RTX,RTX Corp,Industrials,38,2017Q1,2026Q2,38,0,1,38,0
RVTY,Revvity Inc,Healthcare,38,2017Q1,2026Q2,38,0,1,38,0
S,SentinelOne Inc,Technology,24,2020Q2,2026Q1,24,0,1,0,0
SBAC,SBA Communications Corp,Real Estate,38,2017Q1,2026Q2,38,0,1,36,0
SBUX,Starbucks Corp,Consumer Cyclical,38,2017Q1,2026Q2,38,0,1,38,0
SCHW,Charles Schwab Corp,Financial Services,38,2017Q1,2026Q2,38,0,1,38,0
SE,Sea Ltd,Consumer Cyclical,4,2019Q4,2021Q2,7,2,3,0,3
SEDG,SolarEdge Technologies Inc,Technology,38,2017Q1,2026Q2,38,0,1,8,0
SGP,SpyGlass Pharma Inc,Healthcare,5,2025Q1,2026Q2,6,1,2,0,1
SHW,Sherwin-Williams Co,Basic Materials,38,2017Q1,2026Q2,38,0,1,38,0
SIG,Signet Jewelers Ltd,Consumer Cyclical,38,2016Q4,2026Q1,38,0,1,5,0
SJM,JM Smucker Co,Consumer Defensive,38,2016Q4,2026Q1,38,0,1,38,0
SLB,SLB Ltd,Energy,38,2017Q1,2026Q2,38,0,1,38,0
SLE,Super League Enterprise Inc,Communication Services,34,2018Q1,2026Q2,34,0,1,0,0
SLG,SL Green Realty Corp,Real Estate,38,2017Q1,2026Q2,38,0,1,16,0
SLM,SLM Corp,Financial Services,38,2017Q1,2026Q2,38,0,1,0,0
SMCI,Super Micro Computer Inc,Technology,38,2017Q1,2026Q2,38,0,1,10,0
SNA,Snap-on Inc,Industrials,38,2017Q1,2026Q2,38,0,1,38,0
SNDK,SanDisk Corp,Technology,10,2023Q4,2026Q1,10,0,1,2,0
SNPS,Synopsys Inc,Technology,38,2016Q4,2026Q1,38,0,1,37,0
SO,Southern Co,Utilities,38,2017Q1,2026Q2,38,0,1,38,0
SOLS,Solstice Advanced Materials Inc,Basic Materials,8,2024Q3,2026Q2,8,0,1,0,0
SOLV,Solventum Corp,Healthcare,14,2023Q1,2026Q2,14,0,1,9,0
SPG,Simon Property Group Inc,Real Estate,38,2017Q1,2026Q2,38,0,1,38,0
SPGI,S&P Global Inc,Financial Services,38,2017Q1,2026Q2,38,0,1,38,0
SRE,Sempra,Utilities,38,2017Q1,2026Q2,38,0,1,38,0
STE,Steris PLC,Healthcare,33,2018Q2,2026Q2,33,0,1,27,0
STI,Solidion Technology Inc,Industrials,16,2021Q4,2026Q2,19,1,4,0,3
STLD,Steel Dynamics Inc,Basic Materials,38,2017Q1,2026Q2,38,0,1,15,0
STT,State Street Corp,Financial Services,38,2017Q1,2026Q2,38,0,1,38,0
STX,Seagate Technology Holdings PLC,Technology,38,2017Q1,2026Q2,38,0,1,38,0
STZ,Constellation Brands Inc,Consumer Defensive,38,2016Q4,2026Q1,38,0,1,38,0
SUN,Sunoco LP,Energy,38,2017Q1,2026Q2,38,0,1,0,0
SW,Smurfit WestRock PLC,Consumer Cyclical,12,2023Q3,2026Q2,12,0,1,8,0
SWK,Stanley Black & Decker Inc,Industrials,38,2017Q1,2026Q2,38,0,1,38,0
SWKS,Skyworks Solutions Inc,Technology,38,2017Q1,2026Q2,38,0,1,38,0
SYF,Synchrony Financial,Financial Services,38,2017Q1,2026Q2,38,0,1,38,0
SYK,Stryker Corp,Healthcare,38,2017Q1,2026Q2,38,0,1,38,0
SYY,Sysco Corp,Consumer Defensive,38,2017Q1,2026Q2,38,0,1,38,0
T,AT&T Inc,Communication Services,38,2017Q1,2026Q2,38,0,1,38,0
TAP,Molson Coors Beverage Co,Consumer Defensive,38,2017Q1,2026Q2,38,0,1,38,0
TDC,Teradata Corp,Technology,38,2017Q1,2026Q2,38,0,1,1,0
TDG,TransDigm Group Inc,Industrials,38,2017Q1,2026Q2,38,0,1,38,0
TDY,Teledyne Technologies Inc,Technology,38,2017Q1,2026Q2,38,0,1,25,0
TE,T1 Energy Inc,Industrials,24,2020Q3,2026Q2,24,0,1,0,0
TECH,Bio-Techne Corp,Healthcare,37,2017Q1,2026Q1,37,0,1,19,0
TEL,TE Connectivity PLC,Technology,38,2017Q1,2026Q2,38,0,1,38,0
TER,Teradyne Inc,Technology,38,2017Q1,2026Q2,38,0,1,24,0
TFC,Truist Financial Corp,Financial Services,38,2017Q1,2026Q2,38,0,1,38,0
TFX,Teleflex Inc,Healthcare,38,2017Q1,2026Q2,38,0,1,24,0
TGT,Target Corp,Consumer Defensive,38,2016Q4,2026Q1,38,0,1,38,0
THC,Tenet Healthcare Corp,Healthcare,38,2017Q1,2026Q2,38,0,1,0,0
TJX,TJX Companies Inc,Consumer Cyclical,38,2016Q4,2026Q1,38,0,1,38,0
TKO,TKO Group Holdings Inc,Communication Services,16,2022Q3,2026Q2,16,0,1,6,0
TMC,TMC The Metals Co Inc,Basic Materials,24,2020Q3,2026Q2,24,0,1,0,0
TMO,Thermo Fisher Scientific Inc,Healthcare,38,2017Q1,2026Q2,38,0,1,38,0
TMUS,T-Mobile US Inc,Communication Services,38,2017Q1,2026Q2,38,0,1,28,0
TPL,Texas Pacific Land Corp,Energy,38,2017Q1,2026Q2,38,0,1,7,0
TPR,Tapestry Inc,Consumer Cyclical,37,2017Q1,2026Q1,37,0,1,37,0
TRGP,Targa Resources Corp,Energy,38,2017Q1,2026Q2,38,0,1,15,0
TRIP,Tripadvisor Inc,Consumer Cyclical,38,2017Q1,2026Q2,38,0,1,11,0
TRMB,Trimble Inc,Technology,38,2017Q1,2026Q2,38,0,1,22,0
TROW,T. Rowe Price Group Inc,Financial Services,38,2017Q1,2026Q2,38,0,1,28,0
TRV,The Travelers Companies Inc,Financial Services,38,2017Q1,2026Q2,38,0,1,38,0
TSCO,Tractor Supply Co,Consumer Cyclical,38,2017Q1,2026Q2,38,0,1,38,0
TSLA,Tesla Inc,Consumer Cyclical,38,2017Q1,2026Q2,38,0,1,23,0
TSN,Tyson Foods Inc,Consumer Defensive,38,2017Q1,2026Q2,38,0,1,38,0
TT,Trane Technologies PLC,Industrials,38,2017Q1,2026Q2,38,0,1,38,0
TTD,The Trade Desk Inc,Communication Services,38,2017Q1,2026Q2,38,0,1,4,0
TTWO,Take-Two Interactive Software Inc,Communication Services,38,2017Q1,2026Q2,38,0,1,34,0
TXN,Texas Instruments Inc,Technology,38,2017Q1,2026Q2,38,0,1,38,0
TXT,Textron Inc,Industrials,38,2017Q1,2026Q2,38,0,1,38,0
TYL,Tyler Technologies Inc,Technology,38,2017Q1,2026Q2,38,0,1,25,0
UA,Under Armour Inc,Consumer Cyclical,38,2017Q1,2026Q2,38,0,1,21,0
UAA,Under Armour Inc,Consumer Cyclical,38,2017Q1,2026Q2,38,0,1,21,0
UAL,United Airlines Holdings Inc,Industrials,38,2017Q1,2026Q2,38,0,1,38,0
UBER,Uber Technologies Inc,Technology,34,2018Q1,2026Q2,34,0,1,11,0
UDR,UDR Inc,Real Estate,38,2017Q1,2026Q2,38,0,1,38,0
UHS,Universal Health Services Inc,Healthcare,38,2017Q1,2026Q2,38,0,1,38,0
ULTA,Ulta Beauty Inc,Consumer Cyclical,38,2016Q4,2026Q1,38,0,1,38,0
UNH,UnitedHealth Group Inc,Healthcare,38,2017Q1,2026Q2,38,0,1,38,0
UNM,Unum Group,Financial Services,38,2017Q1,2026Q2,38,0,1,18,0
UNP,Union Pacific Corp,Industrials,38,2017Q1,2026Q2,38,0,1,38,0
UPS,United Parcel Service Inc,Industrials,38,2017Q1,2026Q2,38,0,1,38,0
URBN,Urban Outfitters Inc,Consumer Cyclical,38,2016Q4,2026Q1,38,0,1,1,0
URI,United Rentals Inc,Industrials,38,2017Q1,2026Q2,38,0,1,38,0
USB,U.S. Bancorp,Financial Services,38,2017Q1,2026Q2,38,0,1,38,0
V,Visa Inc,Financial Services,38,2017Q1,2026Q2,38,0,1,38,0
VEEV,Veeva Systems Inc,Healthcare,38,2016Q4,2026Q1,38,0,1,0,0
VFC,VF Corp,Consumer Cyclical,38,2017Q1,2026Q2,38,0,1,29,0
VICI,VICI Properties Inc,Real Estate,36,2017Q3,2026Q2,36,0,1,17,0
VLO,Valero Energy Corp,Energy,38,2017Q1,2026Q2,38,0,1,38,0
VLTO,Veralto Corp,Industrials,16,2022Q3,2026Q2,16,0,1,11,0
VMC,Vulcan Materials Co,Basic Materials,38,2017Q1,2026Q2,38,0,1,38,0
VNO,Vornado Realty Trust,Real Estate,38,2017Q1,2026Q2,38,0,1,24,0
VNT,Vontier Corp,Technology,28,2019Q3,2026Q2,28,0,1,1,0
VRSK,Verisk Analytics Inc,Industrials,38,2017Q1,2026Q2,38,0,1,38,0
VRSN,VeriSign Inc,Technology,38,2017Q1,2026Q2,38,0,1,38,0
VRT,Vertiv Holdings Co,Industrials,35,2017Q4,2026Q2,35,0,1,2,0
VRTX,Vertex Pharmaceuticals Inc,Healthcare,38,2017Q1,2026Q2,38,0,1,38,0
VST,Vistra Corp,Utilities,38,2017Q1,2026Q2,38,0,1,9,0
VTR,Ventas Inc,Real Estate,38,2017Q1,2026Q2,38,0,1,38,0
VTRS,Viatris Inc,Healthcare,38,2017Q1,2026Q2,38,0,1,38,0
VZ,Verizon Communications Inc,Communication Services,38,2017Q1,2026Q2,38,0,1,38,0
WAB,Westinghouse Air Brake Technologies Corp,Industrials,38,2017Q1,2026Q2,38,0,1,30,0
WAT,Waters Corp,Healthcare,38,2017Q1,2026Q2,38,0,1,38,0
WB,Weibo Corp,Communication Services,4,2017Q2,2023Q3,26,3,14,0,22
WBD,Warner Bros. Discovery Inc,Communication Services,38,2017Q1,2026Q2,38,0,1,17,0
WDAY,Workday Inc,Technology,38,2016Q4,2026Q1,38,0,1,6,0
WDC,Western Digital Corp,Technology,37,2017Q1,2026Q1,37,0,1,37,0
WEC,WEC Energy Group Inc,Utilities,38,2017Q1,2026Q2,38,0,1,38,0
WELL,Welltower Inc,Real Estate,38,2017Q1,2026Q2,38,0,1,38,0
WFC,Wells Fargo & Co,Financial Services,38,2017Q1,2026Q2,38,0,1,38,0
WHR,Whirlpool Corp,Consumer Cyclical,38,2017Q1,2026Q2,38,0,1,28,0
WM,Waste Management Inc,Industrials,38,2017Q1,2026Q2,38,0,1,38,0
WMB,Williams Companies Inc,Energy,38,2017Q1,2026Q2,38,0,1,38,0
WMT,Walmart Inc,Consumer Defensive,38,2016Q4,2026Q1,38,0,1,38,0
WPX,WPX Energy Inc,Energy,15,2017Q1,2020Q3,15,0,1,0,0
WRB,WR Berkley Corp,Financial Services,38,2017Q1,2026Q2,38,0,1,27,0
WSM,Williams-Sonoma Inc,Consumer Cyclical,38,2016Q4,2026Q1,38,0,1,5,0
WST,West Pharmaceutical Services Inc,Healthcare,38,2017Q1,2026Q2,38,0,1,25,0
WTW,Willis Towers Watson PLC,Financial Services,38,2017Q1,2026Q2,38,0,1,38,0
WU,The Western Union Co,Financial Services,38,2017Q1,2026Q2,38,0,1,19,0
WY,Weyerhaeuser Co,Real Estate,38,2017Q1,2026Q2,38,0,1,38,0
WYNN,Wynn Resorts Ltd,Consumer Cyclical,38,2017Q1,2026Q2,38,0,1,38,0
XEL,Xcel Energy Inc,Utilities,38,2017Q1,2026Q2,38,0,1,38,0
XOM,ExxonMobil Holdings Corp,Energy,38,2017Q1,2026Q2,38,0,1,38,0
XRAY,Dentsply Sirona Inc,Healthcare,38,2017Q1,2026Q2,38,0,1,29,0
XRX,Xerox Holdings Corp,Industrials,38,2017Q1,2026Q2,38,0,1,16,0
XYL,Xylem Inc,Industrials,38,2017Q1,2026Q2,38,0,1,38,0
XYZ,Block Inc,Technology,38,2017Q1,2026Q2,38,0,1,4,0
YUM,Yum Brands Inc,Consumer Cyclical,38,2017Q1,2026Q2,38,0,1,38,0
ZBH,Zimmer Biomet Holdings Inc,Healthcare,38,2017Q1,2026Q2,38,0,1,38,0
ZBRA,Zebra Technologies Corp,Technology,38,2017Q1,2026Q2,38,0,1,27,0
ZION,Zions Bancorp NA,Financial Services,38,2017Q1,2026Q2,38,0,1,28,0
ZTS,Zoetis Inc,Healthcare,38,2017Q1,2026Q2,38,0,1,38,0
