variable,section,table_no,type,api_key,meaning,formula,unit,possible_values,is_quality_or_status_flag,invalid_or_caveat_conditions
symbol,1 עמודות זיהוי ומבנה,2.0,טקסט,,"הטיקר. נכפה מהבקשה ולא נלקח מה-API, כדי שכל שורות הריצה יישאו את הסמל שביקשנו",,text,"AAPL, MSFT, …",False,
company,1 עמודות זיהוי ומבנה,2.0,טקסט,,שם החברה מ-basic_information,,text,Apple Inc,False,
sector,1 עמודות זיהוי ומבנה,2.0,טקסט,,"סקטור מ-endpoint profile, סעיף general",,text,"Technology, Healthcare, … · ריק אם ה-API לא החזיר",False,ריק אם ה-API לא החזיר
industry,1 עמודות זיהוי ומבנה,2.0,טקסט,,"ענף מ-endpoint profile, סעיף general",,text,"Consumer Electronics, … · ריק אם ה-API לא החזיר",False,ריק אם ה-API לא החזיר
fiscal_period_end_date,1 עמודות זיהוי ומבנה,2.0,טקסט YYYY-MM-DD,,תאריך סוף התקופה הפיסקלית. ה-API מחזיר YYYY-MM והפירוק ממיר לסוף החודש,,date (YYYY-MM-DD text),2026-06-30,False,
filing_date,1 עמודות זיהוי ומבנה,2.0,טקסט YYYY-MM-DD,,תאריך ההגשה לרשות,,date (YYYY-MM-DD text),ריק כשה-API לא דיווח,False,ריק כשה-API לא דיווח
period_key,1 עמודות זיהוי ומבנה,2.0,טקסט,,מפתח התקופה אחרי יישור,,text,2026Q1 …,False,
period_year,1 עמודות זיהוי ומבנה,2.0,מספר שלם,,שנת התקופה אחרי יישור,,integer year,2000–2026,False,
period_quarter,1 עמודות זיהוי ומבנה,2.0,טקסט,,הרבעון אחרי יישור,,text,Q1 · Q2 · Q3 · Q4,False,
run_date,1 עמודות זיהוי ומבנה,2.0,טקסט YYYY-MM-DD,,תאריך הרצת הפייפליין,,date (YYYY-MM-DD text),—,False,
total_current_assets,2 שדות גולמיים מ-fundamentals,3.0,,total_current_assets,סך הנכסים השוטפים,,API reporting currency units (USD millions for AAPL per dictionary),בדרך כלל חיובי,False,
cash_and_cash_equivalents,2 שדות גולמיים מ-fundamentals,3.0,,cash_and_cash_equivalents,מזומן ושווי מזומן,,API reporting currency units (USD millions for AAPL per dictionary),≥ 0,False,
short_term_investments,2 שדות גולמיים מ-fundamentals,3.0,,marke_table_securities,ניירות ערך סחירים לזמן קצר,,API reporting currency units (USD millions for AAPL per dictionary),≥ 0,False,
net_ppe,2 שדות גולמיים מ-fundamentals,3.0,,net_ppe,רכוש קבוע מוחשי נטו. אינו כולל מוניטין,,API reporting currency units (USD millions for AAPL per dictionary),≥ 0,False,
goodwill,2 שדות גולמיים מ-fundamentals,3.0,,good_will,מוניטין,,API reporting currency units (USD millions for AAPL per dictionary),≥ 0,False,
intangible_assets,2 שדות גולמיים מ-fundamentals,3.0,,intangibles,נכסים בלתי מוחשיים,,API reporting currency units (USD millions for AAPL per dictionary),≥ 0,False,
total_assets,2 שדות גולמיים מ-fundamentals,3.0,,total_assets,סך הנכסים,,API reporting currency units (USD millions for AAPL per dictionary),חיובי,False,
total_current_liabilities,2 שדות גולמיים מ-fundamentals,4.0,,total_current_liabilities,סך ההתחייבויות השוטפות,,API reporting currency units (USD millions for AAPL per dictionary),≥ 0,False,
short_term_debt,2 שדות גולמיים מ-fundamentals,4.0,,short_term_debt,"חוב לזמן קצר, ללא חכירות",,API reporting currency units (USD millions for AAPL per dictionary),≥ 0,False,
short_term_debt_and_capital_lease,2 שדות גולמיים מ-fundamentals,4.0,,short_term_debt_and_capital_lease_obligation,חוב קצר כולל התחייבויות חכירה,,API reporting currency units (USD millions for AAPL per dictionary),≥ 0,False,
long_term_debt_and_capital_lease,2 שדות גולמיים מ-fundamentals,4.0,,long_term_debt_and_capital_lease_obligation,חוב ארוך כולל התחייבויות חכירה,,API reporting currency units (USD millions for AAPL per dictionary),≥ 0,False,
total_liabilities,2 שדות גולמיים מ-fundamentals,4.0,,total_liabilities,סך ההתחייבויות,,API reporting currency units (USD millions for AAPL per dictionary),חיובי,False,
equity,2 שדות גולמיים מ-fundamentals,4.0,,total_equity,הון עצמי כולל,,API reporting currency units (USD millions for AAPL per dictionary),יכול להיות שלילי,False,
total_stockholders_equity,2 שדות גולמיים מ-fundamentals,4.0,,total_stockholders_equity,הון עצמי המיוחס לבעלי המניות,,API reporting currency units (USD millions for AAPL per dictionary),יכול להיות שלילי,False,
ebit,2 שדות גולמיים מ-fundamentals,5.0,,ebit,"רווח תפעולי לפני ריבית ומס, לרבעון בודד",,API reporting currency units (USD millions for AAPL per dictionary),חיובי או שלילי,False,
pretax_income,2 שדות גולמיים מ-fundamentals,5.0,,pretax_income,רווח לפני מס לרבעון,,API reporting currency units (USD millions for AAPL per dictionary),חיובי או שלילי,False,
tax_provision,2 שדות גולמיים מ-fundamentals,5.0,,tax_provision,הפרשה למס. ⚠️ GuruFocus מדווח הוצאת מס בסימן שלילי,,API reporting currency units (USD millions for AAPL per dictionary),בדרך כלל שלילי; חיובי = הטבת מס,False,GuruFocus reports tax expense with a negative sign [2].
interest_expense,2 שדות גולמיים מ-fundamentals,5.0,,interest_expense,"הוצאות ריבית לרבעון. ⚠️ מדווח בסימן שלילי, כמו tax_provision. ⚠️ מדווח כאפס בהרבה רבעונים גם כשקיים חוב — ראו פרק 7",,API reporting currency units (USD millions for AAPL per dictionary),בדרך כלל שלילי או אפס; חיובי = הכנסות ריבית נטו,False,"Negative sign = expense; reported as zero in many quarters even with debt [2, 7.6]."
free_cash_flow,2 שדות גולמיים מ-fundamentals,5.0,,total_free_cash_flow,תזרים מזומנים חופשי לרבעון,,API reporting currency units (USD millions for AAPL per dictionary),חיובי או שלילי,False,
market_cap,3 שדות מ-valuations API,6.0,,valuationand_quality.mktcap,שווי שוק לסוף הרבעון,,API reporting currency units (USD millions for AAPL per dictionary),חיובי,False,
valuations__valuation_ratios__enterprise_value_to_fcf,3 שדות מ-valuations API,6.0,,valuation_ratios.enterprise_value_to_fcf,מכפיל EV/FCF כפי שמדווח על ידי GuruFocus — לצורך השוואה מול החישוב שלנו,,API reporting currency units (USD millions for AAPL per dictionary),חיובי או שלילי,False,
valuations__per_share_data__shares_outstanding,3 שדות מ-valuations API,6.0,,per_share_data.shares_outstanding,מספר מניות במחזור,,number of shares (scale not stated in dictionary),חיובי,False,
valuations__per_share_data__month_end_stock_price,3 שדות מ-valuations API,6.0,,per_share_data.month_end_stock_price,מחיר המניה לסוף החודש,,price per share (currency not stated in dictionary),חיובי,False,
valuations__ratios__debt_to_equity,3 שדות מ-valuations API,6.0,,ratios.debt_to_equity,יחס חוב להון כפי שמדווח על ידי GuruFocus,,ratio (decimal),≥ 0,False,
calc_tax_expense_quarterly,4 חישובים בסיסיים,7.0,,,הוצאת המס לרבעון בסימן חיובי טבעי. היפוך הסימן נדרש כי GuruFocus מדווח הוצאה כשלילית,-tax_provision,API reporting currency units (USD millions for AAPL per dictionary),,False,
calc_raw_tax_rate_quarterly,4 חישובים בסיסיים,7.0,,,"שיעור המס האפקטיבי לרבעון. אינו נחתך לטווח [0,1] — יכול לצאת שלילי (הטבת מס) או מעל 1. NaN כאשר pretax_income = 0",calc_tax_expense_quarterly / pretax_income,ratio (decimal),,False,"אינו נחתך לטווח [0,1] — יכול לצאת שלילי (הטבת מס) או מעל 1. NaN כאשר pretax_income = 0 | Not clipped to [0,1]; negative (tax benefit) or >1 possible; NaN when pretax_income = 0 [4]."
calc_nopat_quarterly,4 חישובים בסיסיים,7.0,,,רווח תפעולי נקי אחרי מס. חיובי או שלילי,ebit * (1 - calc_raw_tax_rate_quarterly),API reporting currency units (USD millions for AAPL per dictionary),,False,Uses the unclipped quarterly tax rate; a tax rate >100% makes NOPAT move opposite to EBIT [5].
calc_ic_raw,4 חישובים בסיסיים,7.0,,,הון מושקע ליום המאזן. net_ppe אינו כולל מוניטין ולכן המוניטין נוסף במפורש. יכול לצאת שלילי כשההתחייבויות השוטפות גדולות מהנכסים,total_current_assets - total_current_liabilities + net_ppe + goodwill,API reporting currency units (USD millions for AAPL per dictionary),,False,יכול לצאת שלילי כשההתחייבויות השוטפות גדולות מהנכסים | Can be negative when current liabilities exceed assets [4].
calc_average_ic_raw_quarterly,4 חישובים בסיסיים,7.0,,,"ממוצע יתרת פתיחה וסגירה. מחושב רק כשהרשומה הקודמת היא הרבעון הקודם ברצף, אחרת NaN",(calc_ic_raw[t-1] + calc_ic_raw[t]) / 2,API reporting currency units (USD millions for AAPL per dictionary),,False,"מחושב רק כשהרשומה הקודמת היא הרבעון הקודם ברצף, אחרת NaN | NaN unless the previous record is the consecutive previous quarter [4]."
calc_roic_pretax_quarterly_ic_raw,4 חישובים בסיסיים,7.0,,,תשואה על ההון המושקע לפני מס. רבעונית — מונה של רבעון בודד על יתרה ממוצעת. התאום השנתי שלה הוא calc_roic_pretax_annualized_ic_raw שבפרק 7,ebit / calc_average_ic_raw_quarterly,quarterly ratio (decimal),,False,"Quarterly ratio (single-quarter numerator / average capital). Negative IC gives a mechanical, non-economic ratio [6.7]."
calc_roic_posttax_quarterly_ic_raw,4 חישובים בסיסיים,7.0,,,"תשואה על ההון המושקע אחרי מס. זו העמודה שהפירוק בפרק 6 מסביר, ומולה נבחן הסינון מול WACC בפרק 7",calc_nopat_quarterly / calc_average_ic_raw_quarterly,quarterly ratio (decimal),,False,"Quarterly ratio. Negative IC -> mechanical ratio; tax rate out of range is flagged, not clipped [6.7]."
calc_debt_value_quarterly,4 חישובים בסיסיים,7.0,,,"ערך החוב הכולל בספרים, כולל התחייבויות חכירה",short_term_debt_and_capital_lease + long_term_debt_and_capital_lease,API reporting currency units (USD millions for AAPL per dictionary),,False,
calc_debt_to_equity_quarterly,4 חישובים בסיסיים,7.0,,,יחס חוב להון. NaN כשההון אפס; שלילי כשההון שלילי,calc_debt_value_quarterly / total_stockholders_equity,ratio (decimal),,False,NaN כשההון אפס | שלילי כשההון שלילי | NaN when equity = 0; negative when equity negative [4].
calc_enterprise_value_quarterly,4 חישובים בסיסיים,7.0,,,שווי פעילות לסוף הרבעון,market_cap + calc_debt_value_quarterly - cash_and_cash_equivalents - short_term_investments,API reporting currency units (USD millions for AAPL per dictionary),,False,
calc_free_cash_flow_ttm,4 חישובים בסיסיים,7.0,,,"תזרים חופשי בארבעת הרבעונים האחרונים. מחושב רק כשכל ארבעת הרבעונים רצופים, אחרת NaN",Σ free_cash_flow[t-3 … t],API reporting currency units (USD millions for AAPL per dictionary),,False,"מחושב רק כשכל ארבעת הרבעונים רצופים, אחרת NaN"
calc_ev_to_fcf_quarterly,4 חישובים בסיסיים,7.0,,,מכפיל: EV לסוף הרבעון חלקי FCF שנתי. שלילי כש-FCF שלילי — אז המכפיל חסר משמעות. NaN כש-FCF אפס,calc_enterprise_value_quarterly / calc_free_cash_flow_ttm,ratio (decimal),,False,שלילי כש-FCF שלילי — אז המכפיל חסר משמעות | NaN כש-FCF אפס | Negative (meaningless) when TTM FCF < 0; NaN when FCF = 0 [4].
calc_nopat_decomposition_status,5 פירוק השינוי ב-NOPAT,9.0,,,,קובע האם ניתן להשוות לרבעון הקודם,category / text,"VALID · UNCLASSIFIED_NONCONSECUTIVE (אין רבעון קודם ברצף) · UNCLASSIFIED_MISSING_DATA (אחד מ-E0,E1,T0,T1 חסר)",True,"UNCLASSIFIED_NONCONSECUTIVE (אין רבעון קודם ברצף) | UNCLASSIFIED_MISSING_DATA (אחד מ-E0,E1,T0,T1 חסר)"
calc_nopat_change_quarterly,5 פירוק השינוי ב-NOPAT,9.0,,,,calc_nopat_quarterly.diff(),API reporting currency units (USD millions for AAPL per dictionary),ההפרש המוחלט. NaN כשהסטטוס אינו VALID,False,NaN כשהסטטוס אינו VALID
calc_nopat_change_direction,5 פירוק השינוי ב-NOPAT,9.0,,,,לפי הסף בפרק 9,category / text,INCREASE · DECREASE · STABLE · UNCLASSIFIED,False,UNCLASSIFIED
calc_nopat_ebit_contribution,5 פירוק השינוי ב-NOPAT,9.0,,,,(E_1 - E_0) · (Q_0 + Q_1)/(2),API reporting currency units (USD millions for AAPL per dictionary),"תרומת EBIT לשינוי, בערכי כסף",False,
calc_nopat_tax_contribution,5 פירוק השינוי ב-NOPAT,9.0,,,,(Q_1 - Q_0) · (E_0 + E_1)/(2),API reporting currency units (USD millions for AAPL per dictionary),"תרומת שיעור המס לשינוי, בערכי כסף",False,
calc_nopat_decomposition_residual,5 פירוק השינוי ב-NOPAT,9.0,,,,Δ - C_{EBIT} - C_{TAX},API reporting currency units (USD millions for AAPL per dictionary),שארית בדיקה. אפס עד כדי דיוק מספרי (~1e-13 בפועל),True,
calc_nopat_ebit_effect,5 פירוק השינוי ב-NOPAT,9.0,,,,סימן calc_nopat_ebit_contribution,category / text,POSITIVE · NEGATIVE · NEUTRAL · UNCLASSIFIED,False,UNCLASSIFIED
calc_nopat_tax_effect,5 פירוק השינוי ב-NOPAT,9.0,,,,סימן calc_nopat_tax_contribution,category / text,אותם ארבעה ערכים,False,
calc_nopat_effect_combination,5 פירוק השינוי ב-NOPAT,9.0,,,,שרשור שני הסימנים,category / text,"אחד מ-9: EBIT_{POS|NEG|ZERO}__TAX_{POS|NEG|ZERO}, או UNCLASSIFIED",False,"אחד מ-9: EBIT_{POS|NEG|ZERO}__TAX_{POS|NEG|ZERO}, או UNCLASSIFIED"
calc_roic_decomposition_status,6.1 סטטוס והשינוי,10.0,,,,סדר הבדיקה: רציפות ← נתון חסר ← הון אפס,category / text,VALID · UNCLASSIFIED_NONCONSECUTIVE · UNCLASSIFIED_MISSING_DATA · UNCLASSIFIED_ZERO_IC,True,UNCLASSIFIED_NONCONSECUTIVE | UNCLASSIFIED_MISSING_DATA | UNCLASSIFIED_ZERO_IC
calc_roic_posttax_change_quarterly,6.1 סטטוס והשינוי,10.0,,,,calc_roic_posttax_quarterly_ic_raw.diff(),quarterly ratio (decimal),הפרש היחס. NaN כשהסטטוס אינו VALID,False,NaN כשהסטטוס אינו VALID | NaN when calc_roic_decomposition_status != VALID; a classified row needs 3 consecutive quarters [6.1].
calc_roic_posttax_change_direction,6.1 סטטוס והשינוי,10.0,,,,לפי הסף בפרק 9,category / text,INCREASE · DECREASE · STABLE · UNCLASSIFIED,False,UNCLASSIFIED
calc_roic_ebit_contribution,6.2 שלוש התרומות,11.0,,,,(E_1 - E_0) · [⅓ (Q_0)/(I_0) + ⅙ (Q_1)/(I_0) + ⅙ (Q_0)/(I_1) + ⅓ (Q_1)/(I_1)],ratio (decimal),ביחידות ROIC (יחס),False,"NaN when status != VALID. Effect sign is not the EBIT movement direction (tax rate >100% flips it) [5, 6.3]."
calc_roic_tax_contribution,6.2 שלוש התרומות,11.0,,,,(Q_1 - Q_0) · [⅓ (E_0)/(I_0) + ⅙ (E_1)/(I_0) + ⅙ (E_0)/(I_1) + ⅓ (E_1)/(I_1)],ratio (decimal),ביחידות ROIC,False,"NaN when status != VALID. Contribution of Q = 1 - T, so a lower tax rate is a positive contribution [6.2, 6.4]."
calc_roic_ic_contribution,6.2 שלוש התרומות,11.0,,,,((1)/(I_1) - (1)/(I_0)) · [⅓ E_0Q_0 + ⅙ E_1Q_0 + ⅙ E_0Q_1 + ⅓ E_1Q_1],ratio (decimal),ביחידות ROIC,False,NaN when status != VALID. A fall in IC is NOT always positive: with negative NOPAT a smaller denominator lowers ROIC. The sign is not the direction of IC [6.3].
calc_roic_decomposition_residual,6.2 שלוש התרומות,11.0,,,,ΔROIC - C_{EBIT} - C_{TAX} - C_{IC},ratio (decimal),אפס עד כדי דיוק מספרי (~1e-17 בפועל),True,
calc_roic_ebit_effect,6.3 סימני ההשפעה,12.0,,,,סימן calc_roic_ebit_contribution,category / text,POSITIVE · NEGATIVE · NEUTRAL · UNCLASSIFIED,False,UNCLASSIFIED
calc_roic_tax_effect,6.3 סימני ההשפעה,12.0,,,,סימן calc_roic_tax_contribution,category / text,אותם ערכים,False,
calc_roic_ic_effect,6.3 סימני ההשפעה,12.0,,,,סימן calc_roic_ic_contribution,category / text,אותם ערכים,False,
calc_roic_effect_combination,6.3 סימני ההשפעה,12.0,,,,שרשור שלושת הסימנים,category / text,"אחד מ-27: EBIT_x__TAX_y__IC_z כאשר x,y,z ∈ {POS,NEG,ZERO}, או UNCLASSIFIED",False,"אחד מ-27: EBIT_x__TAX_y__IC_z כאשר x,y,z ∈ {POS,NEG,ZERO}, או UNCLASSIFIED"
calc_ebit_movement,6.4 תנועה גולמית של המשתנים,13.0,,,,סימן E1 − E0,category / text,UP · DOWN · FLAT · UNCLASSIFIED,False,UNCLASSIFIED
calc_tax_rate_movement,6.4 תנועה גולמית של המשתנים,13.0,,,,"סימן T1 − T0 — של שיעור המס T, לא של Q",category / text,UP · DOWN · FLAT · UNCLASSIFIED · ירידה בשיעור המס היא DOWN גם כשהיא מגדילה את ROIC,False,UNCLASSIFIED
calc_ic_movement,6.4 תנועה גולמית של המשתנים,13.0,,,,סימן I1 − I0,category / text,UP · DOWN · FLAT · UNCLASSIFIED,False,"UNCLASSIFIED | Direction of average IC itself (I1 - I0), depends on ROIC status [6.4]."
calc_raw_movement_combination,6.4 תנועה גולמית של המשתנים,13.0,,,,שרשור שלוש התנועות,category / text,"אחד מ-27: EBIT_x__TAX_y__IC_z כאשר x,y,z ∈ {UP,DOWN,FLAT}, או UNCLASSIFIED",False,"אחד מ-27: EBIT_x__TAX_y__IC_z כאשר x,y,z ∈ {UP,DOWN,FLAT}, או UNCLASSIFIED"
calc_roic_has_opposing_effects,6.5 מבנה ההשפעות,14.0,,,,קיימת תרומה חיובית וגם תרומה שלילית,category / text,True · False · ריק כשהסטטוס אינו VALID,False,ריק כשהסטטוס אינו VALID
calc_roic_positive_driver_count,6.5 מבנה ההשפעות,14.0,,,,ספירת התרומות החיוביות,count (0-3),0 · 1 · 2 · 3,False,
calc_roic_negative_driver_count,6.5 מבנה ההשפעות,14.0,,,,ספירת התרומות השליליות,count (0-3),0 · 1 · 2 · 3,False,
calc_roic_neutral_driver_count,6.5 מבנה ההשפעות,14.0,,,,ספירת התרומות בתוך סף המהותיות,count (0-3),0 · 1 · 2 · 3,False,
calc_roic_active_driver_count,6.5 מבנה ההשפעות,14.0,,,,חיוביות + שליליות,count (0-3),0 · 1 · 2 · 3,False,
calc_roic_effect_structure,6.5 מבנה ההשפעות,14.0,,,,"סולם עדיפויות, ראו פרק 10",category / text,9 ערכים — ראו למטה,False,
calc_roic_total_absolute_contribution,6.6 דומיננטיות וקיזוז,16.0,,,,|C_{EBIT}| + |C_{TAX}| + |C_{IC}|,ratio (decimal),≥ 0,False,
calc_roic_ebit_absolute_share,6.6 דומיננטיות וקיזוז,16.0,,,,(|C_{EBIT}|)/(TotalAbs),ratio (decimal),"[0, 1] · NaN כשכל התרומות ניטרליות",False,NaN כשכל התרומות ניטרליות
calc_roic_tax_absolute_share,6.6 דומיננטיות וקיזוז,16.0,,,,(|C_{TAX}|)/(TotalAbs),ratio (decimal),"[0, 1]",False,
calc_roic_ic_absolute_share,6.6 דומיננטיות וקיזוז,16.0,,,,(|C_{IC}|)/(TotalAbs),ratio (decimal),"[0, 1] · שלושת המשקלים מסתכמים ל-1",False,
calc_roic_dominant_driver,6.6 דומיננטיות וקיזוז,16.0,,,,הגורם בעל התרומה המוחלטת הגדולה ביותר,category / text,EBIT · TAX · IC · BALANCED · NONE · UNCLASSIFIED,False,UNCLASSIFIED | BALANCED when top two absolute shares differ by <= 0.05; NONE when all contributions neutral [6.6].
calc_roic_dominant_driver_effect,6.6 דומיננטיות וקיזוז,16.0,,,,סימן התרומה של הגורם הדומיננטי,category / text,POSITIVE · NEGATIVE · NEUTRAL (כש-NONE) · UNCLASSIFIED (כש-BALANCED),False,UNCLASSIFIED (כש-BALANCED)
calc_roic_offset_ratio,6.6 דומיננטיות וקיזוז,16.0,,,,1 - (|ΔROIC|)/(TotalAbs),ratio (decimal),"[0, 1] · NaN כשאין תרומה מהותית",False,NaN כשאין תרומה מהותית
calc_ebit_sign_regime,6.7 מצב רווחיות ואיכות נתונים,17.0,,,,מעבר הסימן של EBIT בין הרבעונים,category / text,"9 שילובים של {PROFIT,LOSS,ZERO}_TO_{PROFIT,LOSS,ZERO} + UNCLASSIFIED",False,"9 שילובים של {PROFIT,LOSS,ZERO}_TO_{PROFIT,LOSS,ZERO} + UNCLASSIFIED"
calc_nopat_sign_regime,6.7 מצב רווחיות ואיכות נתונים,17.0,,,,מעבר הסימן של NOPAT,category / text,אותם 10 ערכים,False,
calc_tax_rate_quality_flag,6.7 מצב רווחיות ואיכות נתונים,17.0,,,,תקינות שיעור המס ברבעון הנוכחי,category / text,VALID · NEGATIVE_TAX_RATE · ABOVE_100_PERCENT · MISSING,True,
calc_roic_quality_flag,6.7 מצב רווחיות ואיכות נתונים,17.0,,,,תקינות הזוג להשוואה,category / text,VALID · NEGATIVE_IC_MECHANICAL_ONLY · TAX_RATE_OUT_OF_RANGE · UNCLASSIFIED,True,UNCLASSIFIED | VALID only when the pair is economically interpretable; NEGATIVE_IC_MECHANICAL_ONLY and TAX_RATE_OUT_OF_RANGE are computable but not economic [6.7].
calc_roic_economic_interpretation_valid,6.7 מצב רווחיות ואיכות נתונים,17.0,,,,calc_roic_quality_flag == VALID,boolean,True · False · ריק כשהסטטוס אינו VALID,True,ריק כשהסטטוס אינו VALID | Empty when decomposition status != VALID [6.7].
calc_roic_business_classification,6.8 סיווג והסבר,18.0,טקסט,,"סיווג עסקי מסכם, אחד מ-35 ערכים. ממצה — אף שורה אינה נופלת מחוץ לסולם",,category / text,UNCLASSIFIED_NONCONSECUTIVE · UNCLASSIFIED_MISSING_DATA · UNCLASSIFIED_ZERO_IC · ROIC_MECHANICAL_NEGATIVE_IC · OPERATING_TURNAROUND · PROFIT_TO_LOSS_DETERIORATION · MECHANICAL_IMPROVEMENT_WITH_NEGATIVE_NOPAT · MECHANICAL_DETERIORATION_WITH_NEGATIVE_NOPAT · ROIC_STABLE_NO_CHANGE · ROIC_STABLE_OFFSETTING_EFFECTS · ROIC_INCREASE_ALL_DRIVERS_POSITIVE · ROIC_INCREASE_EBIT_DOMINANT_WITH_TAX_AND_IC_SUPPORT · ROIC_INCREASE_EBIT_DOMINANT_WITH_TAX_DRAG · ROIC_INCREASE_EBIT_DOMINANT_WITH_IC_DRAG · ROIC_INCREASE_EBIT_DOMINANT_WITH_TAX_AND_IC_DRAG · ROIC_INCREASE_TAX_DOMINANT_WITH_EBIT_DECLINE · ROIC_INCREASE_TAX_DOMINANT_WITH_IC_DRAG · ROIC_INCREASE_IC_DOMINANT_WITH_EBIT_DECLINE · ROIC_INCREASE_IC_DOMINANT_WITH_TAX_DRAG · ROIC_INCREASE_DESPITE_DOMINANT_EBIT_DRAG · ROIC_INCREASE_DESPITE_DOMINANT_TAX_DRAG · ROIC_INCREASE_DESPITE_DOMINANT_IC_DRAG · ROIC_INCREASE_MIXED_EFFECTS · ROIC_DECREASE_ALL_DRIVERS_NEGATIVE · ROIC_DECREASE_EBIT_DOMINANT_DESPITE_TAX_SUPPORT · ROIC_DECREASE_EBIT_DOMINANT_DESPITE_IC_SUPPORT · ROIC_DECREASE_TAX_DOMINANT_DESPITE_EBIT_IMPROVEMENT · ROIC_DECREASE_TAX_DOMINANT_DESPITE_IC_SUPPORT · ROIC_DECREASE_IC_DOMINANT_DESPITE_EBIT_IMPROVEMENT · ROIC_DECREASE_IC_DOMINANT_DESPITE_TAX_SUPPORT · ROIC_DECREASE_DESPITE_DOMINANT_EBIT_SUPPORT · ROIC_DECREASE_DESPITE_DOMINANT_TAX_SUPPORT · ROIC_DECREASE_DESPITE_DOMINANT_IC_SUPPORT · ROIC_DECREASE_MIXED_EFFECTS · UNCLASSIFIED,False,UNCLASSIFIED_NONCONSECUTIVE | UNCLASSIFIED_MISSING_DATA | UNCLASSIFIED_ZERO_IC | UNCLASSIFIED
calc_roic_explanation,6.8 סיווג והסבר,18.0,טקסט,,"משפט קצר באנגלית לכל תצפית, נגזר מהתרומות ולא מהתנועות הגולמיות",,category / text,,False,
calc_roic_pretax_annualized_ic_raw,"7.1 יישור יחידות — למה יש עמודות ""annualized""",20.0,,,,(1 + calc_roic_pretax_quarterly_ic_raw)^4 − 1,annual ratio (decimal),NaN כאשר היחס הרבעוני ≤ −100%,False,NaN כאשר היחס הרבעוני ≤ −100% | NaN when quarterly ratio <= -100% [7.1].
calc_roic_posttax_annualized_ic_raw,"7.1 יישור יחידות — למה יש עמודות ""annualized""",20.0,,,,(1 + calc_roic_posttax_quarterly_ic_raw)^4 − 1,annual ratio (decimal),NaN כאשר היחס הרבעוני ≤ −100%,False,NaN כאשר היחס הרבעוני ≤ −100% | NaN when quarterly ratio <= -100% [7.1].
calc_wacc_quarterly,"7.1 יישור יחידות — למה יש עמודות ""annualized""",20.0,,,,(1 + calc_wacc_annual)^(1/4) − 1,quarterly ratio (decimal),NaN כאשר WACC השנתי ≤ −100%,False,NaN כאשר WACC השנתי ≤ −100%
calc_wacc_risk_free_rate,7.2 ההנחות,21.0,,,,Rf מקובץ ההגדרות,ratio (decimal),ברירת מחדל 0.0425 = 4.25%,False,
calc_wacc_equity_risk_premium,7.2 ההנחות,21.0,,,,ERP מקובץ ההגדרות,ratio (decimal),ברירת מחדל 0.0300 = 3.00%,False,
calc_wacc_cost_of_equity,7.2 ההנחות,21.0,,,,Rf + ERP,ratio (decimal),ברירת מחדל 0.0725 = 7.25%,False,
calc_wacc_equity_value,7.3 מבנה ההון,22.0,,,,market_cap,API reporting currency units (USD millions for AAPL per dictionary),E. שווי שוק ולא הון עצמי חשבונאי,False,
calc_wacc_total_capital,7.3 מבנה ההון,22.0,,,,E + calc_debt_value_quarterly,API reporting currency units (USD millions for AAPL per dictionary),D+E,False,
calc_wacc_equity_weight,7.3 מבנה ההון,22.0,,,,(E)/(D + E),ratio (decimal),"[0, 1] · מסתכם ל־1 עם משקל החוב",False,
calc_wacc_debt_weight,7.3 מבנה ההון,22.0,,,,(D)/(D + E),ratio (decimal),"[0, 1]",False,
calc_wacc_average_debt,7.3 מבנה ההון,22.0,,,,(D_{t-4} + D_t)/(2),API reporting currency units (USD millions for AAPL per dictionary),משמש רק במכנה של Rd. דורש 5 רבעונים רצופים,False,
calc_interest_expense_ttm,7.4 עלות החוב והמס,23.0,,,,Σ (−interest_expense)[t−3..t],API reporting currency units (USD millions for AAPL per dictionary),היפוך הסימן כמו ב־calc_tax_expense_quarterly. NaN בלי 4 רבעונים רצופים,False,NaN בלי 4 רבעונים רצופים
calc_wacc_cost_of_debt,7.4 עלות החוב והמס,23.0,,,,calc_interest_expense_ttm / calc_wacc_average_debt,ratio (decimal),Rd. שלילי כשה־API מדווח ריבית חיובית,False,שלילי כשה־API מדווח ריבית חיובית | Biased downward when interest is reported as zero despite debt (flag DEBT_WITHOUT_INTEREST) [7.6].
calc_wacc_tax_rate,7.4 עלות החוב והמס,23.0,,,,Σ tax_expense[t−3..t] / Σ pretax_income[t−3..t],ratio (decimal),T. אפס כשהמכנה ≤ 0. אינו נחתך מלמעלה,False,
calc_wacc_after_tax_cost_of_debt,7.4 עלות החוב והמס,23.0,,,,Rd × (1 - T),ratio (decimal),,False,
calc_wacc_annual,7.5 התוצאה והסינון,24.0,,,,w_e × Re + w_d × Rd × (1 - T),ratio (decimal),שיעור שנתי,False,Not computed for INSUFFICIENT_HISTORY / MISSING_MARKET_CAP / MISSING_DEBT; DEBT_WITHOUT_INTEREST biases it down [7.6].
calc_wacc_quality_flag,7.5 התוצאה והסינון,24.0,,,,ראו למטה,category / text,7 ערכים,True,
calc_wacc_inputs_complete,7.5 התוצאה והסינון,24.0,,,,הדגל הוא VALID או NO_DEBT,boolean,True · False,True,
calc_roic_minus_wacc_annualized,7.5 התוצאה והסינון,24.0,,,,ROIC שנתי − WACC שנתי,annual ratio (decimal),הפער השנתי,False,
calc_roic_minus_wacc_quarterly,7.5 התוצאה והסינון,24.0,,,,ROIC רבעוני − WACC רבעוני,quarterly ratio (decimal),הפער הרבעוני,False,
calc_creates_value,7.5 התוצאה והסינון,24.0,,,,ROIC רבעוני > WACC רבעוני,boolean,True · False · ריק,False,ריק
calc_nopat_combo__ebit_pos__tax_pos,8 עמודות הדמה,,int8,,Dummy indicator of one effect/movement combination,itertools.product over the sign/movement categories,indicator int8 (0/1),0 · 1 (all 0 when row is unclassified),False,
calc_nopat_combo__ebit_pos__tax_neg,8 עמודות הדמה,,int8,,Dummy indicator of one effect/movement combination,itertools.product over the sign/movement categories,indicator int8 (0/1),0 · 1 (all 0 when row is unclassified),False,
calc_nopat_combo__ebit_pos__tax_zero,8 עמודות הדמה,,int8,,Dummy indicator of one effect/movement combination,itertools.product over the sign/movement categories,indicator int8 (0/1),0 · 1 (all 0 when row is unclassified),False,
calc_nopat_combo__ebit_neg__tax_pos,8 עמודות הדמה,,int8,,Dummy indicator of one effect/movement combination,itertools.product over the sign/movement categories,indicator int8 (0/1),0 · 1 (all 0 when row is unclassified),False,
calc_nopat_combo__ebit_neg__tax_neg,8 עמודות הדמה,,int8,,Dummy indicator of one effect/movement combination,itertools.product over the sign/movement categories,indicator int8 (0/1),0 · 1 (all 0 when row is unclassified),False,
calc_nopat_combo__ebit_neg__tax_zero,8 עמודות הדמה,,int8,,Dummy indicator of one effect/movement combination,itertools.product over the sign/movement categories,indicator int8 (0/1),0 · 1 (all 0 when row is unclassified),False,
calc_nopat_combo__ebit_zero__tax_pos,8 עמודות הדמה,,int8,,Dummy indicator of one effect/movement combination,itertools.product over the sign/movement categories,indicator int8 (0/1),0 · 1 (all 0 when row is unclassified),False,
calc_nopat_combo__ebit_zero__tax_neg,8 עמודות הדמה,,int8,,Dummy indicator of one effect/movement combination,itertools.product over the sign/movement categories,indicator int8 (0/1),0 · 1 (all 0 when row is unclassified),False,
calc_nopat_combo__ebit_zero__tax_zero,8 עמודות הדמה,,int8,,Dummy indicator of one effect/movement combination,itertools.product over the sign/movement categories,indicator int8 (0/1),0 · 1 (all 0 when row is unclassified),False,
calc_raw_combo__ebit_up__tax_up__ic_up,8 עמודות הדמה,,int8,,Dummy indicator of one effect/movement combination,itertools.product over the sign/movement categories,indicator int8 (0/1),0 · 1 (all 0 when row is unclassified),False,
calc_raw_combo__ebit_up__tax_up__ic_down,8 עמודות הדמה,,int8,,Dummy indicator of one effect/movement combination,itertools.product over the sign/movement categories,indicator int8 (0/1),0 · 1 (all 0 when row is unclassified),False,
calc_raw_combo__ebit_up__tax_up__ic_flat,8 עמודות הדמה,,int8,,Dummy indicator of one effect/movement combination,itertools.product over the sign/movement categories,indicator int8 (0/1),0 · 1 (all 0 when row is unclassified),False,
calc_raw_combo__ebit_up__tax_down__ic_up,8 עמודות הדמה,,int8,,Dummy indicator of one effect/movement combination,itertools.product over the sign/movement categories,indicator int8 (0/1),0 · 1 (all 0 when row is unclassified),False,
calc_raw_combo__ebit_up__tax_down__ic_down,8 עמודות הדמה,,int8,,Dummy indicator of one effect/movement combination,itertools.product over the sign/movement categories,indicator int8 (0/1),0 · 1 (all 0 when row is unclassified),False,
calc_raw_combo__ebit_up__tax_down__ic_flat,8 עמודות הדמה,,int8,,Dummy indicator of one effect/movement combination,itertools.product over the sign/movement categories,indicator int8 (0/1),0 · 1 (all 0 when row is unclassified),False,
calc_raw_combo__ebit_up__tax_flat__ic_up,8 עמודות הדמה,,int8,,Dummy indicator of one effect/movement combination,itertools.product over the sign/movement categories,indicator int8 (0/1),0 · 1 (all 0 when row is unclassified),False,
calc_raw_combo__ebit_up__tax_flat__ic_down,8 עמודות הדמה,,int8,,Dummy indicator of one effect/movement combination,itertools.product over the sign/movement categories,indicator int8 (0/1),0 · 1 (all 0 when row is unclassified),False,
calc_raw_combo__ebit_up__tax_flat__ic_flat,8 עמודות הדמה,,int8,,Dummy indicator of one effect/movement combination,itertools.product over the sign/movement categories,indicator int8 (0/1),0 · 1 (all 0 when row is unclassified),False,
calc_raw_combo__ebit_down__tax_up__ic_up,8 עמודות הדמה,,int8,,Dummy indicator of one effect/movement combination,itertools.product over the sign/movement categories,indicator int8 (0/1),0 · 1 (all 0 when row is unclassified),False,
calc_raw_combo__ebit_down__tax_up__ic_down,8 עמודות הדמה,,int8,,Dummy indicator of one effect/movement combination,itertools.product over the sign/movement categories,indicator int8 (0/1),0 · 1 (all 0 when row is unclassified),False,
calc_raw_combo__ebit_down__tax_up__ic_flat,8 עמודות הדמה,,int8,,Dummy indicator of one effect/movement combination,itertools.product over the sign/movement categories,indicator int8 (0/1),0 · 1 (all 0 when row is unclassified),False,
calc_raw_combo__ebit_down__tax_down__ic_up,8 עמודות הדמה,,int8,,Dummy indicator of one effect/movement combination,itertools.product over the sign/movement categories,indicator int8 (0/1),0 · 1 (all 0 when row is unclassified),False,
calc_raw_combo__ebit_down__tax_down__ic_down,8 עמודות הדמה,,int8,,Dummy indicator of one effect/movement combination,itertools.product over the sign/movement categories,indicator int8 (0/1),0 · 1 (all 0 when row is unclassified),False,
calc_raw_combo__ebit_down__tax_down__ic_flat,8 עמודות הדמה,,int8,,Dummy indicator of one effect/movement combination,itertools.product over the sign/movement categories,indicator int8 (0/1),0 · 1 (all 0 when row is unclassified),False,
calc_raw_combo__ebit_down__tax_flat__ic_up,8 עמודות הדמה,,int8,,Dummy indicator of one effect/movement combination,itertools.product over the sign/movement categories,indicator int8 (0/1),0 · 1 (all 0 when row is unclassified),False,
calc_raw_combo__ebit_down__tax_flat__ic_down,8 עמודות הדמה,,int8,,Dummy indicator of one effect/movement combination,itertools.product over the sign/movement categories,indicator int8 (0/1),0 · 1 (all 0 when row is unclassified),False,
calc_raw_combo__ebit_down__tax_flat__ic_flat,8 עמודות הדמה,,int8,,Dummy indicator of one effect/movement combination,itertools.product over the sign/movement categories,indicator int8 (0/1),0 · 1 (all 0 when row is unclassified),False,
calc_raw_combo__ebit_flat__tax_up__ic_up,8 עמודות הדמה,,int8,,Dummy indicator of one effect/movement combination,itertools.product over the sign/movement categories,indicator int8 (0/1),0 · 1 (all 0 when row is unclassified),False,
calc_raw_combo__ebit_flat__tax_up__ic_down,8 עמודות הדמה,,int8,,Dummy indicator of one effect/movement combination,itertools.product over the sign/movement categories,indicator int8 (0/1),0 · 1 (all 0 when row is unclassified),False,
calc_raw_combo__ebit_flat__tax_up__ic_flat,8 עמודות הדמה,,int8,,Dummy indicator of one effect/movement combination,itertools.product over the sign/movement categories,indicator int8 (0/1),0 · 1 (all 0 when row is unclassified),False,
calc_raw_combo__ebit_flat__tax_down__ic_up,8 עמודות הדמה,,int8,,Dummy indicator of one effect/movement combination,itertools.product over the sign/movement categories,indicator int8 (0/1),0 · 1 (all 0 when row is unclassified),False,
calc_raw_combo__ebit_flat__tax_down__ic_down,8 עמודות הדמה,,int8,,Dummy indicator of one effect/movement combination,itertools.product over the sign/movement categories,indicator int8 (0/1),0 · 1 (all 0 when row is unclassified),False,
calc_raw_combo__ebit_flat__tax_down__ic_flat,8 עמודות הדמה,,int8,,Dummy indicator of one effect/movement combination,itertools.product over the sign/movement categories,indicator int8 (0/1),0 · 1 (all 0 when row is unclassified),False,
calc_raw_combo__ebit_flat__tax_flat__ic_up,8 עמודות הדמה,,int8,,Dummy indicator of one effect/movement combination,itertools.product over the sign/movement categories,indicator int8 (0/1),0 · 1 (all 0 when row is unclassified),False,
calc_raw_combo__ebit_flat__tax_flat__ic_down,8 עמודות הדמה,,int8,,Dummy indicator of one effect/movement combination,itertools.product over the sign/movement categories,indicator int8 (0/1),0 · 1 (all 0 when row is unclassified),False,
calc_raw_combo__ebit_flat__tax_flat__ic_flat,8 עמודות הדמה,,int8,,Dummy indicator of one effect/movement combination,itertools.product over the sign/movement categories,indicator int8 (0/1),0 · 1 (all 0 when row is unclassified),False,
calc_roic_combo__ebit_pos__tax_pos__ic_pos,8 עמודות הדמה,,int8,,Dummy indicator of one effect/movement combination,itertools.product over the sign/movement categories,indicator int8 (0/1),0 · 1 (all 0 when row is unclassified),False,
calc_roic_combo__ebit_pos__tax_pos__ic_neg,8 עמודות הדמה,,int8,,Dummy indicator of one effect/movement combination,itertools.product over the sign/movement categories,indicator int8 (0/1),0 · 1 (all 0 when row is unclassified),False,
calc_roic_combo__ebit_pos__tax_pos__ic_zero,8 עמודות הדמה,,int8,,Dummy indicator of one effect/movement combination,itertools.product over the sign/movement categories,indicator int8 (0/1),0 · 1 (all 0 when row is unclassified),False,
calc_roic_combo__ebit_pos__tax_neg__ic_pos,8 עמודות הדמה,,int8,,Dummy indicator of one effect/movement combination,itertools.product over the sign/movement categories,indicator int8 (0/1),0 · 1 (all 0 when row is unclassified),False,
calc_roic_combo__ebit_pos__tax_neg__ic_neg,8 עמודות הדמה,,int8,,Dummy indicator of one effect/movement combination,itertools.product over the sign/movement categories,indicator int8 (0/1),0 · 1 (all 0 when row is unclassified),False,
calc_roic_combo__ebit_pos__tax_neg__ic_zero,8 עמודות הדמה,,int8,,Dummy indicator of one effect/movement combination,itertools.product over the sign/movement categories,indicator int8 (0/1),0 · 1 (all 0 when row is unclassified),False,
calc_roic_combo__ebit_pos__tax_zero__ic_pos,8 עמודות הדמה,,int8,,Dummy indicator of one effect/movement combination,itertools.product over the sign/movement categories,indicator int8 (0/1),0 · 1 (all 0 when row is unclassified),False,
calc_roic_combo__ebit_pos__tax_zero__ic_neg,8 עמודות הדמה,,int8,,Dummy indicator of one effect/movement combination,itertools.product over the sign/movement categories,indicator int8 (0/1),0 · 1 (all 0 when row is unclassified),False,
calc_roic_combo__ebit_pos__tax_zero__ic_zero,8 עמודות הדמה,,int8,,Dummy indicator of one effect/movement combination,itertools.product over the sign/movement categories,indicator int8 (0/1),0 · 1 (all 0 when row is unclassified),False,
calc_roic_combo__ebit_neg__tax_pos__ic_pos,8 עמודות הדמה,,int8,,Dummy indicator of one effect/movement combination,itertools.product over the sign/movement categories,indicator int8 (0/1),0 · 1 (all 0 when row is unclassified),False,
calc_roic_combo__ebit_neg__tax_pos__ic_neg,8 עמודות הדמה,,int8,,Dummy indicator of one effect/movement combination,itertools.product over the sign/movement categories,indicator int8 (0/1),0 · 1 (all 0 when row is unclassified),False,
calc_roic_combo__ebit_neg__tax_pos__ic_zero,8 עמודות הדמה,,int8,,Dummy indicator of one effect/movement combination,itertools.product over the sign/movement categories,indicator int8 (0/1),0 · 1 (all 0 when row is unclassified),False,
calc_roic_combo__ebit_neg__tax_neg__ic_pos,8 עמודות הדמה,,int8,,Dummy indicator of one effect/movement combination,itertools.product over the sign/movement categories,indicator int8 (0/1),0 · 1 (all 0 when row is unclassified),False,
calc_roic_combo__ebit_neg__tax_neg__ic_neg,8 עמודות הדמה,,int8,,Dummy indicator of one effect/movement combination,itertools.product over the sign/movement categories,indicator int8 (0/1),0 · 1 (all 0 when row is unclassified),False,
calc_roic_combo__ebit_neg__tax_neg__ic_zero,8 עמודות הדמה,,int8,,Dummy indicator of one effect/movement combination,itertools.product over the sign/movement categories,indicator int8 (0/1),0 · 1 (all 0 when row is unclassified),False,
calc_roic_combo__ebit_neg__tax_zero__ic_pos,8 עמודות הדמה,,int8,,Dummy indicator of one effect/movement combination,itertools.product over the sign/movement categories,indicator int8 (0/1),0 · 1 (all 0 when row is unclassified),False,
calc_roic_combo__ebit_neg__tax_zero__ic_neg,8 עמודות הדמה,,int8,,Dummy indicator of one effect/movement combination,itertools.product over the sign/movement categories,indicator int8 (0/1),0 · 1 (all 0 when row is unclassified),False,
calc_roic_combo__ebit_neg__tax_zero__ic_zero,8 עמודות הדמה,,int8,,Dummy indicator of one effect/movement combination,itertools.product over the sign/movement categories,indicator int8 (0/1),0 · 1 (all 0 when row is unclassified),False,
calc_roic_combo__ebit_zero__tax_pos__ic_pos,8 עמודות הדמה,,int8,,Dummy indicator of one effect/movement combination,itertools.product over the sign/movement categories,indicator int8 (0/1),0 · 1 (all 0 when row is unclassified),False,
calc_roic_combo__ebit_zero__tax_pos__ic_neg,8 עמודות הדמה,,int8,,Dummy indicator of one effect/movement combination,itertools.product over the sign/movement categories,indicator int8 (0/1),0 · 1 (all 0 when row is unclassified),False,
calc_roic_combo__ebit_zero__tax_pos__ic_zero,8 עמודות הדמה,,int8,,Dummy indicator of one effect/movement combination,itertools.product over the sign/movement categories,indicator int8 (0/1),0 · 1 (all 0 when row is unclassified),False,
calc_roic_combo__ebit_zero__tax_neg__ic_pos,8 עמודות הדמה,,int8,,Dummy indicator of one effect/movement combination,itertools.product over the sign/movement categories,indicator int8 (0/1),0 · 1 (all 0 when row is unclassified),False,
calc_roic_combo__ebit_zero__tax_neg__ic_neg,8 עמודות הדמה,,int8,,Dummy indicator of one effect/movement combination,itertools.product over the sign/movement categories,indicator int8 (0/1),0 · 1 (all 0 when row is unclassified),False,
calc_roic_combo__ebit_zero__tax_neg__ic_zero,8 עמודות הדמה,,int8,,Dummy indicator of one effect/movement combination,itertools.product over the sign/movement categories,indicator int8 (0/1),0 · 1 (all 0 when row is unclassified),False,
calc_roic_combo__ebit_zero__tax_zero__ic_pos,8 עמודות הדמה,,int8,,Dummy indicator of one effect/movement combination,itertools.product over the sign/movement categories,indicator int8 (0/1),0 · 1 (all 0 when row is unclassified),False,
calc_roic_combo__ebit_zero__tax_zero__ic_neg,8 עמודות הדמה,,int8,,Dummy indicator of one effect/movement combination,itertools.product over the sign/movement categories,indicator int8 (0/1),0 · 1 (all 0 when row is unclassified),False,
calc_roic_combo__ebit_zero__tax_zero__ic_zero,8 עמודות הדמה,,int8,,Dummy indicator of one effect/movement combination,itertools.product over the sign/movement categories,indicator int8 (0/1),0 · 1 (all 0 when row is unclassified),False,
