feature,n,share_available,mean,std,min,p01,p25,median,p75,p99,max,n_exact_zero
roic_pretax_q,12487,0.7063981444815297,0.05444397799285994,0.3262012093911494,-19.694871794871798,-0.12911999765437185,0.023496588488917204,0.04408547871445398,0.07583519394823944,0.34236362955352645,23.487496965282837,2
roic_posttax_q,12229,0.6918029077332126,0.08528411051532532,4.453045488819786,-14.70923076923077,-0.12810413999477993,0.019203103249442313,0.035736087559734855,0.06281770882860364,0.31599550273625193,491.0339274126972,4
debt_to_equity_q,16255,0.9195564858290434,-1.1451521107834215,131.88092830166556,-11842.307692307691,-21.45967565456154,0.35938881268002476,0.7578848585014212,1.41093760227876,16.870482368503975,1008.3333333333334,195
roic_trend_4q,10826,0.612434236578605,-0.017941851526592976,1.4942571406289074,-147.31053157121417,-0.0715541732930788,-0.004350826066545463,0.0001758286083089495,0.004898237511434299,0.07750927984513123,3.1928877385428627,0
ebit_contribution_trend_4q,10419,0.5894099677547096,-0.029511352538631345,3.751146554941304,-376.1442895,-0.090711658,-0.00454915,7.669999999999986e-05,0.0048065,0.09188253999999978,67.9802242,0
tax_contribution_trend_4q,10419,0.5894099677547096,0.03415951881178616,2.8406036253306466,-16.5818261,-0.087477302,-0.00147375,-5.91e-05,0.00136105,0.07467274599999997,277.2018638,0
ic_contribution_trend_4q,10419,0.5894099677547096,0.00012895604184662635,0.04606252514816537,-2.2356544,-0.016431374,-0.00045335,1.1099999999999999e-05,0.0005268499999999999,0.01407094399999992,1.9700045,0
ebit_contribution_sum_4q,10419,0.5894099677547096,0.09401752097130243,11.044524696828148,-226.6108,-0.23033144000000003,-0.0054989999999999995,0.003073000000000001,0.014128500000000002,0.2824910599999984,1102.732923,0
ebit_contribution_mean_4q,10419,0.5894099677547096,0.02350438024282561,2.761131174207037,-56.6527,-0.05758286000000001,-0.0013747499999999999,0.0007682500000000003,0.0035321250000000005,0.0706227649999996,275.68323075,0
tax_contribution_sum_4q,10419,0.5894099677547096,-0.13660056252999322,11.13399567146124,-1102.0875259999998,-0.21073773999999998,-0.0029219999999999997,4.500000000000001e-05,0.0030285,0.21420213999999935,45.752775,0
tax_contribution_mean_4q,10419,0.5894099677547096,-0.034150140632498306,2.78349891786531,-275.52188149999995,-0.052684434999999995,-0.0007304999999999999,1.1250000000000002e-05,0.000757125,0.05355053499999984,11.43819375,0
ic_contribution_sum_4q,10419,0.5894099677547096,-0.003747303196084077,0.12323128691506643,-5.552828,-0.09066836,-0.0062725,-0.001593,0.000338,0.06088111999999993,3.764782,0
ic_contribution_mean_4q,10419,0.5894099677547096,-0.0009368257990210192,0.03080782172876661,-1.388207,-0.02266709,-0.001568125,-0.00039825,8.45e-05,0.015220279999999982,0.9411955,0
roic_change_4q,10782,0.6099451264354812,-0.046291017593803344,4.757002940771833,-491.03172460948394,-0.23042587144416568,-0.010019330799956726,0.0008028787055618554,0.011912952158812435,0.2495150805161437,19.094115976286187,0
avg_ic_change_4q,11092,0.62748203880749,1379.2653516047603,8484.907389141063,-103064.5,-11493.17,-232.68499999999995,400.57500000000005,1495.625,31191.695000000036,220466.5,2
avg_ic_pct_change_4q,11056,0.6254454941449341,0.08440998365840306,0.40571517678411095,-24.94097505299201,-0.4486727897604619,-0.024918377393745972,0.047468712804001,0.139283708301065,1.233970656993612,6.664596103327495,2
avg_ic_trend_4q_rel,11382,0.6438875374780788,0.015053048639230952,0.13384242572290786,-4.489781283614199,-0.16264041808386745,-0.007701021306942103,0.011361036379632376,0.033285397480365825,0.2234179575917473,11.618064516129031,2
n_decomp_valid_4q,16339,0.9243084233750071,2.740620601015974,1.7766516285209955,0.0,0.0,0.0,4.0,4.0,4.0,4.0,4557
n_econ_valid_4q,16339,0.9243084233750071,2.1965848583144623,1.7333325582716526,0.0,0.0,0.0,2.0,4.0,4.0,4.0,5139
n_positive_avg_ic_4q,16339,0.9243084233750071,2.8705551135320397,1.7705861046397862,0.0,0.0,0.0,4.0,4.0,4.0,4.0,4412
