column,n_non_null,n_distinct,max_decimals,median_abs_value,ratio_like_and_rounded
period_year,22969,11,0,2021.0,False
tax_provision,22172,8531,2,67.17500000000001,False
calc_tax_expense_quarterly,22172,8531,2,67.17500000000001,False
pretax_income,22012,13148,2,327.27,False
calc_raw_tax_rate_quarterly,21840,746,2,0.21,True
ebit,21905,13485,2,356.0,False
calc_nopat_quarterly,20779,18869,2,304.95,False
calc_nopat_change_quarterly,19834,16773,2,98.91,False
calc_nopat_ebit_contribution,19834,16366,2,84.705,False
calc_nopat_tax_contribution,19834,11869,2,19.645,False
calc_nopat_decomposition_residual,19834,1,0,0.0,False
total_current_assets,19042,16913,2,4260.4,False
cash_and_cash_equivalents,20515,15180,2,901.55,False
short_term_investments,7876,5929,2,551.1,False
total_current_liabilities,18931,16450,2,3183.0,False
short_term_debt,15230,8137,2,479.0,False
intangible_assets,19034,15619,2,3932.94,False
goodwill,18377,12905,2,3086.0,False
net_ppe,21321,17968,2,2274.0,False
calc_ic_raw,16216,15251,2,8781.64,False
calc_average_ic_raw_quarterly,15627,14970,2,8853.42,False
calc_roic_pretax_quarterly_ic_raw,15627,201,2,0.04,True
calc_roic_pretax_annualized_ic_raw,15605,15156,6,0.188735,False
calc_roic_posttax_quarterly_ic_raw,15284,198,2,0.04,True
calc_roic_posttax_annualized_ic_raw,15260,14768,6,0.1545,False
calc_roic_posttax_change_quarterly,14610,13024,6,0.0110015,False
calc_roic_ebit_contribution,14610,12711,6,0.009128,False
calc_roic_tax_contribution,14610,9963,6,0.00242,False
calc_roic_ic_contribution,14610,6914,6,0.000885,False
calc_roic_decomposition_residual,14610,1,0,0.0,False
calc_roic_positive_driver_count,14610,4,0,1.0,True
calc_roic_negative_driver_count,14610,4,0,2.0,True
calc_roic_neutral_driver_count,14610,4,0,0.0,True
calc_roic_active_driver_count,14610,4,0,3.0,True
calc_roic_total_absolute_contribution,14610,12590,6,0.0165535,False
calc_roic_ebit_absolute_share,14608,14233,6,0.6692825,False
calc_roic_tax_absolute_share,14608,14142,6,0.1771915,False
calc_roic_ic_absolute_share,14608,13715,6,0.059322,False
calc_roic_offset_ratio,14608,11050,6,0.17560150000000002,False
short_term_debt_and_capital_lease,22969,11455,2,315.0,False
long_term_debt_and_capital_lease,22969,19864,2,5263.8,False
calc_debt_value_quarterly,22969,20113,2,5891.0,False
total_assets,22795,21910,2,19325.0,False
total_liabilities,22795,21653,2,11991.8,False
equity,22789,21040,2,6190.0,False
total_stockholders_equity,21055,19500,2,5942.13,False
calc_debt_to_equity_quarterly,21046,2141,2,0.86,True
valuations__ratios__debt_to_equity,22969,2196,2,0.88,True
market_cap,22931,22613,2,21304.68,False
calc_enterprise_value_quarterly,7749,7747,2,40073.72,False
free_cash_flow,22969,14326,2,310.0,False
calc_free_cash_flow_ttm,21002,16427,2,1114.585,False
calc_ev_to_fcf_quarterly,7099,4771,2,26.37,False
valuations__valuation_ratios__enterprise_value_to_fcf,22969,9652,2,25.51,False
valuations__per_share_data__shares_outstanding,22566,16328,2,289.0,False
valuations__per_share_data__month_end_stock_price,22875,14924,2,78.94,False
calc_wacc_equity_value,22931,22613,2,21304.68,False
calc_wacc_average_debt,20375,18918,2,6045.0,False
calc_wacc_total_capital,22931,22775,2,29641.23,False
calc_wacc_equity_weight,22804,21764,6,0.7964184999999999,False
calc_wacc_debt_weight,22804,21764,6,0.20358150000000003,False
calc_wacc_risk_free_rate,22969,1,2,0.05,False
calc_wacc_equity_risk_premium,22969,1,2,0.03,False
calc_wacc_cost_of_equity,22969,1,2,0.08,False
interest_expense,16904,5874,2,59.1,False
calc_interest_expense_ttm,14582,8222,2,243.6,False
calc_wacc_cost_of_debt,14154,12335,6,0.037759,False
calc_wacc_tax_rate,22969,16522,6,0.174995,False
calc_wacc_after_tax_cost_of_debt,14154,12335,6,0.031898499999999996,False
calc_wacc_annual,14528,11238,6,0.0713915,False
calc_wacc_quarterly,14527,6685,6,0.017389,False
calc_roic_minus_wacc_annualized,10238,10128,6,0.101386,False
calc_roic_minus_wacc_quarterly,10249,9796,6,0.023779,False
Future_Quarterly_Return,22811,22245,9,0.09193997,False
Momentum_3Q,22811,22655,9,0.170938286,False
