ticker,start_quarter,end_quarter,open_end,download_status,download_error
AVB,2007Q1,,True,FAILED,לא נמצא (404): /stocks/AVB/fundamentals
CBOE,2017Q1,,True,FAILED,לא נמצא בלוק 'quarterly' עבור CBOE. תקופות זמינות ב-payload: ['basic_information']
FDXF,2026Q2,,True,FAILED,"לא נמצא בלוק 'quarterly' עבור FDXF. תקופות זמינות ב-payload: ['annually', 'basic_information']"
CTRA,2000Q1,2026Q2,False,FAILED,לא נמצא בלוק 'quarterly' עבור CTRA. תקופות זמינות ב-payload: ['basic_information']
HOLX,2016Q1,2026Q2,False,FAILED,לא נמצא בלוק 'quarterly' עבור HOLX. תקופות זמינות ב-payload: ['basic_information']
DAY,2024Q1,2026Q1,False,FAILED,לא נמצא בלוק 'quarterly' עבור DAY. תקופות זמינות ב-payload: ['basic_information']
IPG,2000Q1,2025Q4,False,FAILED,לא נמצא בלוק 'quarterly' עבור IPG. תקופות זמינות ב-payload: ['basic_information']
K,2000Q1,2025Q4,False,FAILED,לא נמצא בלוק 'quarterly' עבור K. תקופות זמינות ב-payload: ['basic_information']
ANSS,2017Q2,2025Q3,False,FAILED,לא נמצא בלוק 'quarterly' עבור ANSS. תקופות זמינות ב-payload: ['basic_information']
HES,2000Q1,2025Q3,False,FAILED,לא נמצא בלוק 'quarterly' עבור HES. תקופות זמינות ב-payload: ['basic_information']
JNPR,2006Q2,2025Q3,False,FAILED,לא נמצא בלוק 'quarterly' עבור JNPR. תקופות זמינות ב-payload: ['basic_information']
WBA,2000Q1,2025Q3,False,FAILED,לא נמצא בלוק 'quarterly' עבור WBA. תקופות זמינות ב-payload: ['basic_information']
DFS,2007Q3,2025Q2,False,FAILED,לא נמצא בלוק 'quarterly' עבור DFS. תקופות זמינות ב-payload: ['basic_information']
CTLT,2020Q3,2024Q4,False,FAILED,לא נמצא בלוק 'quarterly' עבור CTLT. תקופות זמינות ב-payload: ['basic_information']
MRO,2000Q1,2024Q4,False,FAILED,לא נמצא בלוק 'quarterly' עבור MRO. תקופות זמינות ב-payload: ['basic_information']
CMA,2000Q1,2024Q2,False,FAILED,לא נמצא בלוק 'quarterly' עבור CMA. תקופות זמינות ב-payload: ['basic_information']
PXD,2000Q1,2024Q2,False,FAILED,לא נמצא בלוק 'quarterly' עבור PXD. תקופות זמינות ב-payload: ['basic_information']
CDAY,2021Q3,2024Q1,False,FAILED,לא נמצא (404): /stocks/CDAY/fundamentals
FLT,2018Q2,2024Q1,False,FAILED,לא נמצא (404): /stocks/FLT/fundamentals
ATVI,2015Q3,2023Q4,False,FAILED,לא נמצא בלוק 'quarterly' עבור ATVI. תקופות זמינות ב-payload: ['basic_information']
SEE,2000Q1,2023Q4,False,FAILED,לא נמצא בלוק 'quarterly' עבור SEE. תקופות זמינות ב-payload: ['basic_information']
RE,2017Q2,2023Q3,False,FAILED,לא נמצא (404): /stocks/RE/fundamentals
DISH,2017Q1,2023Q2,False,FAILED,לא נמצא בלוק 'quarterly' עבור DISH. תקופות זמינות ב-payload: ['basic_information']
FRC,2019Q1,2023Q2,False,FAILED,לא נמצא (404): /stocks/FRC/fundamentals
SBNY,2021Q4,2023Q1,False,FAILED,לא נמצא בלוק 'quarterly' עבור SBNY. תקופות זמינות ב-payload: ['basic_information']
SIVB,2018Q1,2023Q1,False,FAILED,לא נמצא (404): /stocks/SIVB/fundamentals
ABMD,2018Q2,2022Q4,False,FAILED,לא נמצא בלוק 'quarterly' עבור ABMD. תקופות זמינות ב-payload: ['basic_information']
CTXS,2000Q1,2022Q4,False,FAILED,לא נמצא בלוק 'quarterly' עבור CTXS. תקופות זמינות ב-payload: ['basic_information']
DRE,2017Q3,2022Q4,False,FAILED,לא נמצא בלוק 'quarterly' עבור DRE. תקופות זמינות ב-payload: ['basic_information']
FBHS,2016Q2,2022Q4,False,FAILED,לא נמצא (404): /stocks/FBHS/fundamentals
NLSN,2013Q3,2022Q4,False,FAILED,לא נמצא בלוק 'quarterly' עבור NLSN. תקופות זמינות ב-payload: ['basic_information']
TWTR,2018Q2,2022Q4,False,FAILED,לא נמצא בלוק 'quarterly' עבור TWTR. תקופות זמינות ב-payload: ['basic_information']
CERN,2010Q2,2022Q2,False,FAILED,לא נמצא בלוק 'quarterly' עבור CERN. תקופות זמינות ב-payload: ['basic_information']
DISCA,2000Q1,2022Q2,False,FAILED,לא נמצא (404): /stocks/DISCA/fundamentals
PBCT,2000Q1,2022Q2,False,FAILED,לא נמצא בלוק 'quarterly' עבור PBCT. תקופות זמינות ב-payload: ['basic_information']
GPS,2000Q1,2022Q1,False,FAILED,לא נמצא (404): /stocks/GPS/fundamentals
INFO,2017Q2,2022Q1,False,FAILED,לא נמצא בלוק 'quarterly' עבור INFO. תקופות זמינות ב-payload: ['basic_information']
WLTW,2016Q1,2022Q1,False,FAILED,לא נמצא (404): /stocks/WLTW/fundamentals
XLNX,2000Q1,2022Q1,False,FAILED,לא נמצא בלוק 'quarterly' עבור XLNX. תקופות זמינות ב-payload: ['basic_information']
HBI,2015Q1,2021Q4,False,FAILED,לא נמצא בלוק 'quarterly' עבור HBI. תקופות זמינות ב-payload: ['basic_information']
KSU,2013Q2,2021Q4,False,FAILED,לא נמצא בלוק 'quarterly' עבור KSU. תקופות זמינות ב-payload: ['basic_information']
ALXN,2012Q2,2021Q3,False,FAILED,לא נמצא בלוק 'quarterly' עבור ALXN. תקופות זמינות ב-payload: ['basic_information']
MXIM,2018Q4,2021Q3,False,FAILED,לא נמצא בלוק 'quarterly' עבור MXIM. תקופות זמינות ב-payload: ['basic_information']
FLIR,2000Q1,2021Q2,False,FAILED,לא נמצא בלוק 'quarterly' עבור FLIR. תקופות זמינות ב-payload: ['basic_information']
HFC,2018Q2,2021Q2,False,FAILED,לא נמצא (404): /stocks/HFC/fundamentals
VAR,2000Q1,2021Q2,False,FAILED,לא נמצא בלוק 'quarterly' עבור VAR. תקופות זמינות ב-payload: ['basic_information']
CXO,2016Q1,2021Q1,False,FAILED,לא נמצא בלוק 'quarterly' עבור CXO. תקופות זמינות ב-payload: ['basic_information']
TIF,2000Q1,2021Q1,False,FAILED,לא נמצא בלוק 'quarterly' עבור TIF. תקופות זמינות ב-payload: ['basic_information']
ETFC,2000Q1,2020Q4,False,FAILED,לא נמצא בלוק 'quarterly' עבור ETFC. תקופות זמינות ב-payload: ['basic_information']
NBL,2000Q1,2020Q4,False,FAILED,לא נמצא בלוק 'quarterly' עבור NBL. תקופות זמינות ב-payload: ['basic_information']
ADS,2013Q4,2020Q2,False,FAILED,לא נמצא (404): /stocks/ADS/fundamentals
AGN,2000Q1,2020Q2,False,FAILED,לא נמצא (404): /stocks/AGN/fundamentals
ARNC,2016Q4,2020Q2,False,FAILED,לא נמצא בלוק 'quarterly' עבור ARNC. תקופות זמינות ב-payload: ['basic_information']
JWN,2000Q1,2020Q2,False,FAILED,לא נמצא בלוק 'quarterly' עבור JWN. תקופות זמינות ב-payload: ['basic_information']
RTN,2000Q1,2020Q2,False,FAILED,לא נמצא בלוק 'quarterly' עבור RTN. תקופות זמינות ב-payload: ['basic_information']
WCG,2018Q3,2020Q1,False,FAILED,לא נמצא בלוק 'quarterly' עבור WCG. תקופות זמינות ב-payload: ['basic_information']
XEC,2014Q2,2020Q1,False,FAILED,לא נמצא בלוק 'quarterly' עבור XEC. תקופות זמינות ב-payload: ['basic_information']
CELG,2000Q1,2019Q4,False,FAILED,לא נמצא (404): /stocks/CELG/fundamentals
VIAB,2000Q1,2019Q4,False,FAILED,לא נמצא (404): /stocks/VIAB/fundamentals
FL,2016Q2,2019Q3,False,FAILED,לא נמצא בלוק 'quarterly' עבור FL. תקופות זמינות ב-payload: ['basic_information']
LLL,2000Q1,2019Q3,False,FAILED,לא נמצא (404): /stocks/LLL/fundamentals
RHT,2000Q1,2019Q3,False,FAILED,לא נמצא (404): /stocks/RHT/fundamentals
TSS,2000Q1,2019Q3,False,FAILED,לא נמצא בלוק 'quarterly' עבור TSS. תקופות זמינות ב-payload: ['basic_information']
BMS,2019Q2,2019Q2,False,FAILED,לא נמצא בלוק 'quarterly' עבור BMS. תקופות זמינות ב-payload: ['basic_information']
DWDP,2017Q3,2019Q2,False,FAILED,לא נמצא (404): /stocks/DWDP/fundamentals
NFX,2010Q4,2019Q1,False,FAILED,לא נמצא בלוק 'quarterly' עבור NFX. תקופות זמינות ב-payload: ['basic_information']
SCG,2000Q1,2019Q1,False,FAILED,לא נמצא בלוק 'quarterly' עבור SCG. תקופות זמינות ב-payload: ['basic_information']
AET,2000Q1,2018Q4,False,FAILED,לא נמצא בלוק 'quarterly' עבור AET. תקופות זמינות ב-payload: ['basic_information']
ANDV,2000Q1,2018Q4,False,FAILED,לא נמצא בלוק 'quarterly' עבור ANDV. תקופות זמינות ב-payload: ['basic_information']
CA,2000Q1,2018Q4,False,FAILED,לא נמצא בלוק 'quarterly' עבור CA. תקופות זמינות ב-payload: ['basic_information']
COL,2000Q1,2018Q4,False,FAILED,לא נמצא בלוק 'quarterly' עבור COL. תקופות זמינות ב-payload: ['basic_information']
ESRX,2003Q3,2018Q4,False,FAILED,לא נמצא בלוק 'quarterly' עבור ESRX. תקופות זמינות ב-payload: ['basic_information']
EVHC,2016Q4,2018Q4,False,FAILED,לא נמצא בלוק 'quarterly' עבור EVHC. תקופות זמינות ב-payload: ['basic_information']
SRCL,2000Q1,2018Q4,False,FAILED,לא נמצא בלוק 'quarterly' עבור SRCL. תקופות זמינות ב-payload: ['basic_information']
DPS,2000Q1,2018Q3,False,FAILED,לא נמצא (404): /stocks/DPS/fundamentals
GGP,2013Q4,2018Q3,False,FAILED,לא נמצא (404): /stocks/GGP/fundamentals
XL,2000Q1,2018Q3,False,FAILED,לא נמצא (404): /stocks/XL/fundamentals
CSRA,2015Q4,2018Q2,False,FAILED,לא נמצא בלוק 'quarterly' עבור CSRA. תקופות זמינות ב-payload: ['basic_information']
MON,2000Q1,2018Q2,False,FAILED,לא נמצא בלוק 'quarterly' עבור MON. תקופות זמינות ב-payload: ['basic_information']
TWX,2000Q1,2018Q2,False,FAILED,לא נמצא בלוק 'quarterly' עבור TWX. תקופות זמינות ב-payload: ['basic_information']
WYN,2000Q1,2018Q2,False,FAILED,לא נמצא (404): /stocks/WYN/fundamentals
BCR,2000Q1,2018Q1,False,FAILED,לא נמצא (404): /stocks/BCR/fundamentals
CHK,2000Q1,2018Q1,False,FAILED,לא נמצא (404): /stocks/CHK/fundamentals
PDCO,2000Q1,2018Q1,False,FAILED,לא נמצא בלוק 'quarterly' עבור PDCO. תקופות זמינות ב-payload: ['basic_information']
SNI,2000Q1,2018Q1,False,FAILED,לא נמצא בלוק 'quarterly' עבור SNI. תקופות זמינות ב-payload: ['basic_information']
LVLT,2014Q4,2017Q4,False,FAILED,לא נמצא (404): /stocks/LVLT/fundamentals
BBBY,2000Q1,2017Q3,False,FAILED,לא נמצא (404): /stocks/BBBY/fundamentals
BHI,2000Q1,2017Q3,False,FAILED,לא נמצא (404): /stocks/BHI/fundamentals
MNK,2014Q3,2017Q3,False,FAILED,לא נמצא (404): /stocks/MNK/fundamentals
RAI,2000Q1,2017Q3,False,FAILED,לא נמצא בלוק 'quarterly' עבור RAI. תקופות זמינות ב-payload: ['basic_information']
SPLS,2000Q1,2017Q3,False,FAILED,לא נמצא בלוק 'quarterly' עבור SPLS. תקופות זמינות ב-payload: ['basic_information']
WFM,2000Q1,2017Q3,False,FAILED,לא נמצא בלוק 'quarterly' עבור WFM. תקופות זמינות ב-payload: ['basic_information']
DNB,2000Q1,2017Q2,False,FAILED,לא נמצא בלוק 'quarterly' עבור DNB. תקופות זמינות ב-payload: ['basic_information']
MJN,2009Q4,2017Q2,False,FAILED,לא נמצא בלוק 'quarterly' עבור MJN. תקופות זמינות ב-payload: ['basic_information']
SWN,2000Q1,2017Q2,False,FAILED,לא נמצא בלוק 'quarterly' עבור SWN. תקופות זמינות ב-payload: ['basic_information']
TGNA,2000Q1,2017Q2,False,FAILED,לא נמצא בלוק 'quarterly' עבור TGNA. תקופות זמינות ב-payload: ['basic_information']
YHOO,2000Q1,2017Q2,False,FAILED,לא נמצא (404): /stocks/YHOO/fundamentals
ENDP,2015Q1,2017Q1,False,FAILED,לא נמצא (404): /stocks/ENDP/fundamentals
FTR,2000Q1,2017Q1,False,FAILED,לא נמצא (404): /stocks/FTR/fundamentals
HAR,2000Q1,2017Q1,False,FAILED,לא נמצא (404): /stocks/HAR/fundamentals
LLTC,2000Q1,2017Q1,False,FAILED,לא נמצא בלוק 'quarterly' עבור LLTC. תקופות זמינות ב-payload: ['basic_information']
STJ,2000Q1,2017Q1,False,FAILED,לא נמצא בלוק 'quarterly' עבור STJ. תקופות זמינות ב-payload: ['basic_information']
