ticker,start_quarter,end_quarter,panel_company,panel_first,panel_last,panel_rows_matched,matched_first,matched_last,ticker_rows_span_several_ranges
AMD,2000Q1,2013Q3,Advanced Micro Devices Inc,2017Q1,2026Q2,0,,,False
AMD,2017Q1,,Advanced Micro Devices Inc,2017Q1,2026Q2,38,2017Q1,2026Q2,False
BMS,2000Q1,2014Q4,,,,0,,,False
BMS,2019Q2,2019Q2,,,,0,,,False
CBE,2000Q1,2009Q3,,,,0,,,False
CBE,2011Q4,2012Q4,,,,0,,,False
CEG,2000Q1,2012Q1,Constellation Energy Corp,2021Q1,2026Q2,0,,,False
CEG,2022Q1,,Constellation Energy Corp,2021Q1,2026Q2,18,2022Q1,2026Q2,False
CIEN,2000Q1,2009Q4,Ciena Corp,2016Q4,2026Q2,0,,,False
CIEN,2026Q1,,Ciena Corp,2016Q4,2026Q2,2,2026Q1,2026Q2,False
COV,2000Q1,2009Q2,,,,0,,,False
COV,2011Q1,2015Q1,,,,0,,,False
DD,2000Q1,2017Q3,DuPont de Nemours Inc,2017Q1,2026Q2,2,2017Q1,2017Q2,True
DD,2019Q2,,DuPont de Nemours Inc,2017Q1,2026Q2,29,2019Q2,2026Q2,True
DELL,2000Q1,2013Q4,Dell Technologies Inc,2016Q4,2026Q1,0,,,False
DELL,2024Q3,,Dell Technologies Inc,2016Q4,2026Q1,7,2024Q3,2026Q1,False
DOW,2000Q1,2017Q3,Dow Inc,2018Q1,2026Q2,0,,,False
DOW,2019Q2,,Dow Inc,2018Q1,2026Q2,29,2019Q2,2026Q2,False
EQT,2000Q1,2018Q4,EQT Corp,2017Q1,2026Q2,7,2017Q1,2018Q3,True
EQT,2022Q4,,EQT Corp,2017Q1,2026Q2,15,2022Q4,2026Q2,True
FSLR,2000Q1,2017Q1,First Solar Inc,2017Q1,2026Q2,0,,,False
FSLR,2022Q4,,First Solar Inc,2017Q1,2026Q2,15,2022Q4,2026Q2,False
JBL,2000Q1,2014Q4,Jabil Inc,2016Q4,2026Q1,0,,,False
JBL,2023Q4,,Jabil Inc,2016Q4,2026Q1,10,2023Q4,2026Q1,False
MXIM,2000Q1,2007Q3,,,,0,,,False
MXIM,2018Q4,2021Q3,,,,0,,,False
OI,2000Q1,2000Q4,O-I Glass Inc,2017Q1,2026Q2,0,,,False
OI,2008Q4,2016Q4,O-I Glass Inc,2017Q1,2026Q2,0,,,False
PCG,2000Q1,2019Q1,PG&E Corp,2017Q1,2026Q2,8,2017Q1,2018Q4,True
PCG,2022Q4,,PG&E Corp,2017Q1,2026Q2,15,2022Q4,2026Q2,True
Q,2000Q1,2011Q1,Qnity Electronics Inc,2024Q3,2026Q2,0,,,False
Q,2017Q3,2017Q4,Qnity Electronics Inc,2024Q3,2026Q2,0,,,False
Q,2025Q4,,Qnity Electronics Inc,2024Q3,2026Q2,3,2025Q4,2026Q2,False
SNDK,2000Q1,2016Q2,SanDisk Corp,2023Q4,2026Q1,0,,,False
SNDK,2025Q4,,SanDisk Corp,2023Q4,2026Q1,2,2025Q4,2026Q1,False
TEL,2000Q1,2009Q2,TE Connectivity PLC,2017Q1,2026Q2,0,,,False
TEL,2011Q4,,TE Connectivity PLC,2017Q1,2026Q2,38,2017Q1,2026Q2,False
TER,2000Q1,2013Q4,Teradyne Inc,2017Q1,2026Q2,0,,,False
TER,2020Q3,,Teradyne Inc,2017Q1,2026Q2,24,2020Q3,2026Q2,False
