period_key,index_members,members_with_panel_row,members_ticker_absent_from_panel,members_ticker_in_panel_but_no_row,coverage_share
2016Q4,503,55,81,367,0.10934393638170974
2017Q1,504,420,78,6,0.8333333333333334
2017Q2,505,423,76,6,0.8376237623762376
2017Q3,506,428,72,6,0.8458498023715415
2017Q4,505,430,71,4,0.8514851485148515
2018Q1,505,428,68,9,0.8475247524752475
2018Q2,506,433,68,5,0.8557312252964426
2018Q3,506,435,66,5,0.8596837944664032
2018Q4,506,443,60,3,0.8754940711462451
2019Q1,508,443,59,6,0.8720472440944882
2019Q2,508,445,58,5,0.8759842519685039
2019Q3,509,452,54,3,0.888015717092338
2019Q4,509,457,52,0,0.8978388998035364
2020Q1,508,456,50,2,0.8976377952755905
2020Q2,507,460,45,2,0.9072978303747534
2020Q3,507,458,46,3,0.903353057199211
2020Q4,507,463,44,0,0.9132149901380671
2021Q1,507,462,42,3,0.9112426035502958
2021Q2,507,466,39,2,0.9191321499013807
2021Q3,507,465,38,4,0.9171597633136095
2021Q4,507,470,37,0,0.9270216962524654
2022Q1,506,470,33,3,0.9288537549407114
2022Q2,504,472,30,2,0.9365079365079365
2022Q3,504,471,30,3,0.9345238095238095
2022Q4,504,480,24,0,0.9523809523809523
2023Q1,504,479,22,3,0.9503968253968254
2023Q2,504,482,20,2,0.9563492063492064
2023Q3,503,483,19,1,0.9602385685884692
2023Q4,503,486,17,0,0.9662027833001988
2024Q1,502,483,16,3,0.9621513944223108
2024Q2,502,487,14,1,0.9701195219123506
2024Q3,504,488,14,2,0.9682539682539683
2024Q4,503,491,12,0,0.9761431411530815
2025Q1,503,489,12,2,0.9721669980119284
2025Q2,503,491,11,1,0.9761431411530815
2025Q3,503,494,7,2,0.9821073558648111
2025Q4,503,498,5,0,0.9900596421471173
2026Q1,503,497,4,2,0.9880715705765407
2026Q2,503,444,3,56,0.882703777335984
