evidence,n,value,metric
SPY/QQQ rows: fiscal_period_end_date equals formation_date (quarter end + 2 months),245,1.0,share equal
"fiscal end = formation date (lag 0 days): corr(FQR[t], price[t+1]/price[t]-1)",874,0.9996837793559956,correlation
fiscal end = formation date (lag 0 days): median |FQR[t] - (price[t+1]/price[t]-1)|,874,0.0031774914544992292,median abs diff
"fiscal end = formation date (lag 0 days): corr(FQR[t], price[t]/price[t-1]-1) (wrong alignment)",874,0.10477743722966035,correlation
"fiscal end = formation - ~1 month: corr(FQR[t], price[t+1]/price[t]-1)",1920,0.6358165614395144,correlation
fiscal end = formation - ~1 month: median |FQR[t] - (price[t+1]/price[t]-1)|,1920,0.0970004256078784,median abs diff
"fiscal end = formation - ~1 month: corr(FQR[t], price[t]/price[t-1]-1) (wrong alignment)",1903,0.12619976847274975,correlation
"fiscal end = formation - ~2 months (calendar quarters): corr(FQR[t], price[t+1]/price[t]-1)",19032,0.33068886869540326,correlation
fiscal end = formation - ~2 months (calendar quarters): median |FQR[t] - (price[t+1]/price[t]-1)|,19032,0.11625883323894202,median abs diff
"fiscal end = formation - ~2 months (calendar quarters): corr(FQR[t], price[t]/price[t-1]-1) (wrong alignment)",18500,0.02029198315074416,correlation
