period_key,company_rows,population,pop_with_roic_pretax,pop_with_roic_posttax,pop_with_roic_trend,pop_common_sort_sample,pop_all_contribution_trends,pop_signal_lag_below_min,evaluation_rows,evaluation_common_sort_sample,return_window_unrealized_rows
2016Q4,74,55,0,0,0,0,0,55,55,0,0
2017Q1,572,420,46,46,0,0,0,55,416,0,0
2017Q2,573,423,294,290,0,0,0,55,419,0,0
2017Q3,571,428,300,296,0,0,0,56,424,0,0
2017Q4,577,430,304,283,45,45,0,56,426,45,0
2018Q1,578,428,303,298,274,274,42,51,424,271,0
2018Q2,584,433,304,297,274,274,273,53,429,271,0
2018Q3,585,435,309,302,274,274,272,54,431,271,0
2018Q4,589,443,314,303,291,291,275,58,439,288,0
2019Q1,588,443,319,313,293,293,292,56,439,290,0
2019Q2,590,445,319,311,295,295,291,57,441,292,0
2019Q3,593,452,325,318,300,300,296,56,448,297,0
2019Q4,597,457,328,309,297,297,288,57,453,294,0
2020Q1,600,456,328,323,298,298,296,56,452,295,0
2020Q2,603,460,328,322,303,303,297,55,456,300,0
2020Q3,604,458,328,323,303,303,301,53,454,300,0
2020Q4,608,463,335,314,307,307,295,54,459,304,0
2021Q1,604,462,339,335,312,312,312,53,458,309,0
2021Q2,605,466,342,338,316,316,313,53,462,313,0
2021Q3,604,465,344,339,319,319,317,53,461,316,0
2021Q4,609,470,347,335,331,331,317,55,467,329,0
2022Q1,608,470,347,343,329,329,329,55,467,327,0
2022Q2,609,472,346,344,331,331,330,55,470,330,0
2022Q3,610,471,345,341,330,330,329,55,469,329,0
2022Q4,615,480,349,337,332,332,325,55,478,331,0
2023Q1,614,479,353,350,334,334,334,54,477,333,0
2023Q2,615,482,353,350,335,335,334,55,480,334,0
2023Q3,617,483,353,350,337,337,334,56,481,336,0
2023Q4,620,486,358,344,339,339,331,58,484,338,0
2024Q1,616,483,356,353,337,337,337,56,481,336,0
2024Q2,619,487,357,350,332,332,332,58,485,331,0
2024Q3,621,488,354,352,330,330,328,59,486,329,0
2024Q4,623,491,356,342,335,335,324,60,489,334,0
2025Q1,623,489,358,355,332,332,332,60,487,331,0
2025Q2,624,491,358,354,337,337,332,60,489,336,0
2025Q3,621,494,360,356,339,339,338,60,492,338,0
2025Q4,627,498,360,349,345,345,333,60,496,344,0
2026Q1,623,497,359,357,344,344,344,59,495,343,0
2026Q2,556,444,309,307,296,296,296,14,0,0,556
