step,rows,firms,quarters,first_quarter,last_quarter
1 raw rows (all symbols),23214,632,135,1992Q4,2026Q2
1a benchmark ETF rows (SPY/QQQ),245,2,135,1992Q4,2026Q2
1b company rows,22969,630,39,2016Q4,2026Q2
2 population: company rows that are index members in period_key,17677,579,39,2016Q4,2026Q2
2a population with pre-tax ROIC level,12487,430,38,2017Q1,2026Q2
2b population with post-tax ROIC level,12229,428,38,2017Q1,2026Q2
2c population with ROIC 4q trend,10826,415,35,2017Q4,2026Q2
2d population with all three signals (common sort sample),10826,415,35,2017Q4,2026Q2
2e population with all three contribution trends,10419,413,34,2018Q1,2026Q2
2f population rows flagged fiscal end < 2 months before formation (kept),2140,71,39,2016Q4,2026Q2
3 evaluation: population with realised forward return,17119,574,38,2016Q4,2026Q1
3d evaluation within common sort sample,10465,411,34,2017Q4,2026Q1
3e evaluation with all contribution trends,10061,409,33,2018Q1,2026Q1
