period_key,index_members,with_panel_row,with_ic_raw,with_avg_ic,with_roic_posttax,with_roic_trend,common_sort_sample_with_return
2016Q4,503,55,46,0,0,0,0
2017Q1,504,420,292,46,46,0,0
2017Q2,505,423,296,294,290,0,0
2017Q3,506,428,305,300,296,0,0
2017Q4,505,430,308,304,283,45,45
2018Q1,505,428,303,303,298,274,271
2018Q2,506,433,309,304,297,274,271
2018Q3,506,435,311,309,302,274,271
2018Q4,506,443,322,314,303,291,288
2019Q1,508,443,319,319,313,293,290
2019Q2,508,445,322,319,311,295,292
2019Q3,509,452,328,325,318,300,297
2019Q4,509,457,331,328,309,297,294
2020Q1,508,456,328,328,323,298,295
2020Q2,507,460,330,328,322,303,300
2020Q3,507,458,333,328,323,303,300
2020Q4,507,463,342,335,314,307,304
2021Q1,507,462,339,339,335,312,309
2021Q2,507,466,344,342,338,316,313
2021Q3,507,465,345,344,339,319,316
2021Q4,507,470,353,347,335,331,329
2022Q1,506,470,347,347,343,329,327
2022Q2,504,472,348,346,344,331,330
2022Q3,504,471,347,345,341,330,329
2022Q4,504,480,355,349,337,332,331
2023Q1,504,479,353,353,350,334,333
2023Q2,504,482,354,353,350,335,334
2023Q3,503,483,356,353,350,337,336
2023Q4,503,486,362,358,344,339,338
2024Q1,502,483,356,356,353,337,336
2024Q2,502,487,359,357,350,332,331
2024Q3,504,488,357,354,352,330,329
2024Q4,503,491,363,356,342,335,334
2025Q1,503,489,358,358,355,332,331
2025Q2,503,491,360,358,354,337,336
2025Q3,503,494,360,360,356,339,338
2025Q4,503,498,364,360,349,345,344
2026Q1,503,497,359,359,357,344,343
2026Q2,503,444,310,309,307,296,0
