check,value,n,detail
CSV keys found in xlsx Price sheet,0.9826397863358318,23214,
Price.As_Of_Date == formation_date,1.0,22811,
CSV FQR == 0 where Price sheet FQR is NaN (zero-coded missing),555.0,22811,{'2026Q2': 555}
cleaned fwd_return NaN where Price sheet NaN (company rows with price data),1.0,555,
max |fwd_return - Price sheet FQR|,4.999889946510905e-10,22256,
CSV Momentum_3Q == 0 where Price sheet is NaN (zero-coded missing),157.0,22811,
"CSV Momentum_3Q == 0 where Price sheet also has a value (genuine zero, set NaN by rule)",0.0,22811,
pre-tax ROIC recomputed vs xlsx full precision: median |diff|,3.469446951953614e-18,15627,
pre-tax ROIC recomputed vs xlsx full precision: 99th pct |diff|,4.797957754305576e-06,15627,
pre-tax ROIC recomputed vs xlsx full precision: max |diff|,0.02093397745568737,15627,
pre-tax ROIC NaN pattern recomputed == xlsx,1.0,23214,
post-tax ROIC recomputed vs xlsx full precision: median |diff|,2.2038492951750865e-07,15284,
post-tax ROIC recomputed vs xlsx full precision: 99th pct |diff|,5.4096250934963e-06,15284,
post-tax ROIC recomputed vs xlsx full precision: max |diff|,0.02093397745568737,15284,
post-tax ROIC CSV rounded vs xlsx full precision: median |diff|,0.0024849090957106204,15284,
post-tax ROIC NaN pattern recomputed == xlsx,1.0,23214,
D/E recomputed vs xlsx: 99th pct |diff|,0.00020489386927812663,21046,
