check,n_tested,n_failed,pct_ok,n_skipped,note
Current assets cover cash and short-term investments,19042,668,96.5,3927,
No unexplained jump in goodwill,17772,230,98.7,5197,"Flags changes above 50% and 1,000."
No unexplained jump in intangible_assets,18401,319,98.3,4568,"Flags changes above 50% and 1,000."
No unexplained jump in net_ppe,20672,183,99.1,2297,"Flags changes above 50% and 1,000."
No unexplained jump in short_term_investments,7467,197,97.4,15502,"Flags changes above 50% and 1,000."
Consecutive reporting periods,22339,58,99.7,630,Expected a gap of 60-130 days.
period_key is unique within ticker,22969,0,100.0,0,
Market capitalization is positive,22931,282,98.8,38,
Equity matches total assets less total liabilities,22789,4551,80.0,180,
Calculated debt matches short-term plus long-term debt,22969,0,100.0,0,
Calculated debt is non-negative,22969,0,100.0,0,
Debt-to-equity ratio matches debt and stockholders equity,21046,0,100.0,1923,
Enterprise value matches its displayed inputs,7749,0,100.0,15220,"EV includes market capitalization plus debt, less cash and short-term investments."
Trailing-four-quarter FCF matches four consecutive quarters,21002,0,100.0,1967,
Quarter-end EV/FCF matches EV divided by trailing FCF,7099,0,100.0,15870,
NOPAT Shapley contributions sum to the total change,19834,0,100.0,3135,Order-independent decomposition is exactly efficient.
Post-tax ROIC Shapley contributions sum to the total change,14610,0,100.0,8359,Order-independent decomposition is exactly efficient.
NOPAT effect combination selects exactly one column,22969,0,100.0,0,Classified rows set one indicator; unclassified rows set none.
Raw movement combination selects exactly one column,22969,0,100.0,0,Classified rows set one indicator; unclassified rows set none.
ROIC effect combination selects exactly one column,22969,0,100.0,0,Classified rows set one indicator; unclassified rows set none.
ROIC absolute contribution shares sum to one,14608,0,100.0,8361,
ROIC offset ratio lies between zero and one,14608,0,100.0,8361,Guaranteed by the triangle inequality on the contributions.
WACC capital weights sum to one,22804,0,100.0,165,
WACC matches its weights and component costs,14512,0,100.0,8457,E/(D+E) x Re + D/(D+E) x Rd x (1-T).
Quarterly WACC compounds back to the annual WACC,14527,0,100.0,8442,
Value-creation verdict is the same annually and quarterly,10238,0,100.0,12731,"Annualisation is monotonic, so the sign of the spread is invariant."
